Date,Name,Year,Letterboxd URI
2021-11-04,The Silence of the Lambs,1991,https://boxd.it/2aHW
2021-11-04,Moonlight,2016,https://boxd.it/d6bE
2021-11-04,The Matrix,1999,https://boxd.it/2a1m
2021-11-04,Marriage Story,2019,https://boxd.it/hJAw
2021-11-04,2001: A Space Odyssey,1968,https://boxd.it/2bf0
2021-11-04,Judas and the Black Messiah,2021,https://boxd.it/lsew
2021-11-04,Gone with the Wind,1939,https://boxd.it/29Fq
2021-11-04,Ben-Hur,1959,https://boxd.it/29RQ
2021-11-05,The Breakfast Club,1985,https://boxd.it/27q4
2021-11-05,Titanic,1997,https://boxd.it/2a2k
2021-11-05,The Revenant,2015,https://boxd.it/8H5e
2021-11-05,Psycho,1960,https://boxd.it/2ab2
2021-11-05,Ralph Breaks the Internet,2018,https://boxd.it/edAy
2021-11-05,How to Train Your Dragon,2010,https://boxd.it/1WRy
2021-11-05,How to Train Your Dragon 2,2014,https://boxd.it/2TRW
2021-11-05,How to Train Your Dragon: The Hidden World,2019,https://boxd.it/5a9w
2021-11-05,Mulan,1998,https://boxd.it/1VFw
2021-11-05,Shazam!,2019,https://boxd.it/8WBu
2021-11-05,Chernobyl,2019,https://boxd.it/mkbG
2021-11-05,Do the Right Thing,1989,https://boxd.it/29gA
2021-11-05,Malcolm X,1992,https://boxd.it/27WE
2021-11-05,Saving Private Ryan,1998,https://boxd.it/29ro
2021-11-05,The Green Mile,1999,https://boxd.it/2agG
2021-11-06,Once Upon a Time in the West,1968,https://boxd.it/2az4
2021-11-06,Alien,1979,https://boxd.it/2awY
2021-11-18,Me Before You,2016,https://boxd.it/9n98
2021-11-18,Life of Pi,2012,https://boxd.it/37pC
2021-11-18,Men in Black 3,2012,https://boxd.it/103U
2021-11-18,Rango,2011,https://boxd.it/QPk
2021-11-18,Little Fockers,2010,https://boxd.it/13Ea
2021-11-18,Meet the Fockers,2004,https://boxd.it/29NE
2021-11-18,Men in Black II,2002,https://boxd.it/2a0y
2021-11-18,Meet the Parents,2000,https://boxd.it/28vE
2021-11-18,Men in Black,1997,https://boxd.it/2a0I
2021-11-18,Edward Scissorhands,1990,https://boxd.it/2aZc
2021-11-18,The Karate Kid,1984,https://boxd.it/27Wk
2021-11-18,Jackie Brown,1997,https://boxd.it/2aVO
2021-11-18,Death Proof,2007,https://boxd.it/27GG
2021-11-18,The Aviator,2004,https://boxd.it/26BU
2021-11-18,Mean Streets,1973,https://boxd.it/2aSU
2021-11-18,Raging Bull,1980,https://boxd.it/28yI
2021-11-18,Casino,1995,https://boxd.it/2ads
2021-11-18,Gangs of New York,2002,https://boxd.it/25FG
2021-11-18,Cape Fear,1991,https://boxd.it/28vu
2021-11-18,Alice Doesn't Live Here Anymore,1974,https://boxd.it/1KIa
2021-11-18,A Fistful of Dollars,1964,https://boxd.it/2auo
2021-11-18,Hot Fuzz,2007,https://boxd.it/2416
2021-11-18,Once Upon a Time in America,1984,https://boxd.it/2aCs
2021-11-18,Rocky,1976,https://boxd.it/28Uk
2021-11-18,Speed,1994,https://boxd.it/28qk
2021-11-19,Donnie Brasco,1997,https://boxd.it/1YRA
2021-11-19,"The Good, the Bad and the Ugly",1966,https://boxd.it/2ape
2021-11-19,Life Is Beautiful,1997,https://boxd.it/29Wm
2021-11-19,The Pianist,2002,https://boxd.it/2aqc
2021-11-19,Gladiator,2000,https://boxd.it/2b9m
2021-11-19,Apocalypse Now,1979,https://boxd.it/6ZS
2021-11-19,The Great Dictator,1940,https://boxd.it/29ic
2021-11-19,Dr. Strangelove or: How I Learned to Stop Worrying and Love the Bomb,1964,https://boxd.it/29eY
2021-11-19,Capernaum,2018,https://boxd.it/iM3s
2021-11-19,Braveheart,1995,https://boxd.it/2aTI
2021-11-19,Return of the Jedi,1983,https://boxd.it/27Vm
2021-11-19,Citizen Kane,1941,https://boxd.it/71O
2021-11-19,North by Northwest,1959,https://boxd.it/2aRM
2021-11-19,Lawrence of Arabia,1962,https://boxd.it/2wRE
2021-11-19,Incendies,2010,https://boxd.it/Msm
2021-11-19,Metropolis,1927,https://boxd.it/71a
2021-11-19,Snatch,2000,https://boxd.it/2b7U
2021-11-19,Indiana Jones and the Last Crusade,1989,https://boxd.it/2baO
2021-11-19,Die Hard,1988,https://boxd.it/2a7u
2021-11-19,Unforgiven,1992,https://boxd.it/6Z4
2021-11-19,A Beautiful Mind,2001,https://boxd.it/2amk
2021-11-19,The Sixth Sense,1999,https://boxd.it/29Js
2021-11-19,Gran Torino,2008,https://boxd.it/1Qzy
2021-11-19,Room,2015,https://boxd.it/7T0y
2021-11-19,The Kid,1921,https://boxd.it/1X5U
2021-11-19,City Lights,1931,https://boxd.it/29ki
2021-11-19,Paper Moon,1973,https://boxd.it/1Ud2
2021-11-19,Chinatown,1974,https://boxd.it/29vU
2021-11-19,Indiana Jones and the Temple of Doom,1984,https://boxd.it/2bb8
2021-11-19,Ghostbusters,1984,https://boxd.it/g2w
2021-11-19,My Neighbor Totoro,1988,https://boxd.it/20eA
2021-11-19,Midnight Run,1988,https://boxd.it/1ZnQ
2021-11-19,Back to the Future Part II,1989,https://boxd.it/2aYI
2021-11-19,Back to the Future Part III,1990,https://boxd.it/2aTS
2021-11-19,A Few Good Men,1992,https://boxd.it/29nw
2021-11-19,Dazed and Confused,1993,https://boxd.it/1Ylk
2021-11-19,Ed Wood,1994,https://boxd.it/2adM
2021-11-19,Romeo + Juliet,1996,https://boxd.it/2ama
2021-11-19,Buffalo '66,1998,https://boxd.it/1YC6
2021-11-19,Star Wars: Episode I – The Phantom Menace,1999,https://boxd.it/27Vc
2021-11-19,Sleepy Hollow,1999,https://boxd.it/26u0
2021-11-19,Donnie Darko,2001,https://boxd.it/2b2A
2021-11-19,The Lord of the Rings: The Fellowship of the Ring,2001,https://boxd.it/2b5O
2021-11-19,The Lord of the Rings: The Two Towers,2002,https://boxd.it/2b5E
2021-11-19,The Matrix Reloaded,2003,https://boxd.it/2a1c
2021-11-19,Pirates of the Caribbean: The Curse of the Black Pearl,2003,https://boxd.it/70G
2021-11-19,The Lord of the Rings: The Return of the King,2003,https://boxd.it/2b5u
2021-11-19,Batman Begins,2005,https://boxd.it/2aIg
2021-11-21,The Green Knight,2021,https://boxd.it/kuy2
2021-11-21,The Queen's Gambit,2020,https://boxd.it/s1Ym
2021-11-21,The Trial of the Chicago 7,2020,https://boxd.it/kn3w
2021-11-21,Doctor Sleep,2019,https://boxd.it/i5vI
2021-11-21,Ad Astra,2019,https://boxd.it/ePzI
2021-11-21,Pokémon Detective Pikachu,2019,https://boxd.it/fVA0
2021-11-21,Booksmart,2019,https://boxd.it/igNS
2021-11-21,Dunkirk,2017,https://boxd.it/d0Y6
2021-11-21,John Wick: Chapter 2,2017,https://boxd.it/ayGu
2021-11-21,Captain Fantastic,2016,https://boxd.it/b2K2
2021-11-21,Bridge of Spies,2015,https://boxd.it/9n9C
2021-11-21,What We Do in the Shadows,2014,https://boxd.it/7eQy
2021-11-21,Kick-Ass 2,2013,https://boxd.it/hqu
2021-11-21,Midnight in Paris,2011,https://boxd.it/i4a
2021-11-21,TRON: Legacy,2010,https://boxd.it/1Dlo
2021-11-21,Kick-Ass,2010,https://boxd.it/1zaQ
2021-11-21,Avatar,2009,https://boxd.it/1Efm
2021-11-21,Revolutionary Road,2008,https://boxd.it/24Le
2021-11-21,Quantum of Solace,2008,https://boxd.it/1Vs8
2021-11-21,Indiana Jones and the Kingdom of the Crystal Skull,2008,https://boxd.it/2aR8
2021-11-21,The Matrix Revolutions,2003,https://boxd.it/2a12
2021-11-21,Love Actually,2003,https://boxd.it/2aeU
2021-11-21,A Perfect World,1993,https://boxd.it/1Yng
2021-11-24,Promising Young Woman,2020,https://boxd.it/loRE
2021-11-24,Nomadland,2020,https://boxd.it/lnRy
2021-11-24,Minari,2020,https://boxd.it/mL9M
2021-11-24,Another Round,2020,https://boxd.it/lkba
2021-11-24,Easy A,2010,https://boxd.it/17DK
2021-11-24,The King's Speech,2010,https://boxd.it/dX0
2021-11-24,The Fighter,2010,https://boxd.it/PP4
2021-11-24,Any Given Sunday,1999,https://boxd.it/1YmC
2021-11-26,The Beatles: Get Back,2021,https://boxd.it/xo7A
2021-11-27,House of Gucci,2021,https://boxd.it/nVkC
2021-11-27,The Tragedy of Macbeth,2021,https://boxd.it/lMi4
2021-12-04,Prometheus,2012,https://boxd.it/2s9e
2021-12-04,American Gangster,2007,https://boxd.it/23wi
2021-12-04,The Dark Knight Rises,2012,https://boxd.it/H3m
2021-12-04,Insomnia,2002,https://boxd.it/2aB0
2021-12-04,The Godfather Part III,1990,https://boxd.it/2aN6
2021-12-04,Frances Ha,2012,https://boxd.it/41Xg
2021-12-04,Silence,2016,https://boxd.it/2cAo
2021-12-04,The Report,2019,https://boxd.it/j2X2
2021-12-06,The Master,2012,https://boxd.it/2cBG
2021-12-06,Inherent Vice,2014,https://boxd.it/5hla
2021-12-06,It Happened One Night,1934,https://boxd.it/25Ng
2021-12-07,The Girl with the Dragon Tattoo,2011,https://boxd.it/2Pa
2021-12-07,Road to Perdition,2002,https://boxd.it/24Lo
2021-12-07,Spielberg,2017,https://boxd.it/gIXC
2021-12-07,Munich,2005,https://boxd.it/2a0e
2021-12-07,Seven Samurai,1954,https://boxd.it/2axi
2021-12-07,Full Metal Jacket,1987,https://boxd.it/2a1Q
2021-12-07,Rushmore,1998,https://boxd.it/1TAO
2021-12-07,The Royal Tenenbaums,2001,https://boxd.it/1YHU
2021-12-08,My Mom Is a Character 3,2019,https://boxd.it/mYk4
2021-12-11,"The French Dispatch of the Liberty, Kansas Evening Sun",2021,https://boxd.it/jLP8
2021-12-15,Men of Honor,2000,https://boxd.it/1SCE
2021-12-20,Demolition,2015,https://boxd.it/9GuY
2021-12-22,Drive My Car,2021,https://boxd.it/sv94
2021-12-22,Sing 2,2021,https://boxd.it/fAnE
2021-12-28,The Unbearable Weight of Massive Talent,2022,https://boxd.it/o6eK
2021-12-28,The Basketball Diaries,1995,https://boxd.it/1WaO
2021-12-28,Rocky IV,1985,https://boxd.it/28T2
2021-12-28,Rocky III,1982,https://boxd.it/28Tw
2021-12-28,Invictus,2009,https://boxd.it/1zPk
2021-12-28,The Evil Dead,1981,https://boxd.it/29Go
2021-12-28,Evil Dead II,1987,https://boxd.it/29Ge
2021-12-28,The Color of Money,1986,https://boxd.it/1SSM
2021-12-28,Eight Men Out,1988,https://boxd.it/1PUU
2021-12-28,Rocky II,1979,https://boxd.it/28Ua
2021-12-28,Creed,2015,https://boxd.it/a2qk
2021-12-28,Foxcatcher,2014,https://boxd.it/35Di
2021-12-28,The Wrestler,2008,https://boxd.it/1So8
2021-12-28,He Got Game,1998,https://boxd.it/1YBs
2021-12-28,Field of Dreams,1989,https://boxd.it/26VK
2021-12-28,Gleason,2016,https://boxd.it/cXQS
2021-12-28,Hoop Dreams,1994,https://boxd.it/1Opc
2021-12-28,Interview with the Vampire,1994,https://boxd.it/29XO
2021-12-28,The Curious Case of Benjamin Button,2008,https://boxd.it/23Fk
2021-12-28,JFK,1991,https://boxd.it/29xm
2021-12-28,A Streetcar Named Desire,1951,https://boxd.it/29Mc
2021-12-28,Diego Maradona,2019,https://boxd.it/jyoS
2021-12-29,Pig,2021,https://boxd.it/nzoW
2021-12-29,Come and See,1985,https://boxd.it/1w9q
2022-01-20,The Disaster Artist,2017,https://boxd.it/cTqc
2022-01-20,Pineapple Express,2008,https://boxd.it/1WRS
2022-01-20,50/50,2011,https://boxd.it/10Tw
2022-01-22,Heleno,2011,https://boxd.it/3oqC
2022-01-23,Memories of Murder,2003,https://boxd.it/1TSo
2022-01-23,Fargo,1996,https://boxd.it/2aHM
2022-01-23,The Tender Bar,2021,https://boxd.it/rgLq
2022-01-24,She Said,2022,https://boxd.it/vBaI
2022-01-24,Don't Worry Darling,2022,https://boxd.it/mViu
2022-01-24,The Northman,2022,https://boxd.it/nK2s
2022-01-24,Elf,2003,https://boxd.it/1VyK
2022-01-24,Guy and Madeline on a Park Bench,2009,https://boxd.it/N1G
2022-01-29,Hard Eight,1996,https://boxd.it/20DU
2022-01-31,The Untouchables,1987,https://boxd.it/2b6i
2022-01-31,The Intouchables,2011,https://boxd.it/2FT0
2022-02-01,Good Time,2017,https://boxd.it/fcFu
2022-02-02,Petite Maman,2021,https://boxd.it/s6je
2022-02-02,Val,2021,https://boxd.it/vs5a
2022-02-02,Bo Burnham: Inside,2021,https://boxd.it/v2uy
2022-02-02,The Favourite,2018,https://boxd.it/d2hI
2022-02-04,Boiling Point,2021,https://boxd.it/uo2u
2022-02-04,Ghostbusters: Afterlife,2021,https://boxd.it/f4Pw
2022-02-04,A Quiet Place,2018,https://boxd.it/fVJQ
2022-02-04,A Quiet Place Part II,2020,https://boxd.it/iTx0
2022-02-04,Goal III: Taking on the World,2008,https://boxd.it/1FCw
2022-02-04,The Two Popes,2019,https://boxd.it/k8Xk
2022-02-04,Monica and Friends: Bonds,2019,https://boxd.it/gqea
2022-02-07,Chicago,2002,https://boxd.it/28zm
2022-02-07,Half Nelson,2006,https://boxd.it/20Ng
2022-02-08,The Offer,2022,https://boxd.it/zeES
2022-02-08,Just Mercy,2019,https://boxd.it/iXj2
2022-02-08,Creed II,2018,https://boxd.it/hgl8
2022-02-08,Jackie,2016,https://boxd.it/d6bu
2022-02-08,Call Me by Your Name,2017,https://boxd.it/dYmm
2022-02-08,Carol,2015,https://boxd.it/7DPK
2022-02-08,Captain Phillips,2013,https://boxd.it/3GPK
2022-02-08,Enemy,2013,https://boxd.it/5xtO
2022-02-08,Lincoln,2012,https://boxd.it/2n2s
2022-02-08,The Place Beyond the Pines,2012,https://boxd.it/3mDu
2022-02-08,The Gentlemen,2019,https://boxd.it/iYBQ
2022-02-08,The Lego Movie 2: The Second Part,2019,https://boxd.it/8BAU
2022-02-08,Eighth Grade,2018,https://boxd.it/hDMG
2022-02-08,Moonrise Kingdom,2012,https://boxd.it/2Wng
2022-02-08,Into the Wild,2007,https://boxd.it/22m2
2022-02-08,V for Vendetta,2005,https://boxd.it/29Ik
2022-02-08,Hotel Rwanda,2004,https://boxd.it/2aSA
2022-02-08,Moulin Rouge!,2001,https://boxd.it/29wI
2022-02-16,Beetlejuice,1988,https://boxd.it/24QI
2022-02-16,A Christmas Story,1983,https://boxd.it/29sw
2022-02-18,The Terminal,2004,https://boxd.it/2a2O
2022-02-22,The Lighthouse,2019,https://boxd.it/icFU
2022-02-22,American Hustle,2013,https://boxd.it/5dz8
2022-02-22,Ocean's Twelve,2004,https://boxd.it/2aZ2
2022-02-22,Mystic River,2003,https://boxd.it/2aAG
2022-02-22,Tomorrow Never Dies,1997,https://boxd.it/29Kg
2022-02-22,Scent of a Woman,1992,https://boxd.it/1YAu
2022-02-24,Chungking Express,1994,https://boxd.it/1UDa
2022-02-24,Groundhog Day,1993,https://boxd.it/2b3e
2022-02-24,War of the Worlds,2005,https://boxd.it/2bde
2022-02-26,Wonka,2023,https://boxd.it/tCQm
2022-03-02,Oldboy,2003,https://boxd.it/29R2
2022-03-08,RoboCop,1987,https://boxd.it/22Wu
2022-03-08,"O Brother, Where Art Thou?",2000,https://boxd.it/2b3I
2022-03-08,Clerks,1994,https://boxd.it/2706
2022-03-08,The Tree of Life,2011,https://boxd.it/1Zu8
2022-03-08,Brokeback Mountain,2005,https://boxd.it/2b2q
2022-03-14,Willy Wonka & the Chocolate Factory,1971,https://boxd.it/2aLu
2022-03-15,Darkest Hour,2017,https://boxd.it/dZZa
2022-03-16,Primal Fear,1996,https://boxd.it/28ws
2022-03-16,Monica and Friends: Lessons,2021,https://boxd.it/oFi8
2022-03-18,Mommy,2014,https://boxd.it/7Uau
2022-03-18,Butch Cassidy and the Sundance Kid,1969,https://boxd.it/29Vy
2022-03-19,Rounders,1998,https://boxd.it/1WMS
2022-03-25,Crash,2004,https://boxd.it/28q0
2022-03-30,The Machinist,2004,https://boxd.it/248c
2022-04-07,Naked Gun 33⅓: The Final Insult,1994,https://boxd.it/1afQ
2022-04-07,Babel,2006,https://boxd.it/292o
2022-04-07,Milk,2008,https://boxd.it/1WZC
2022-04-07,Nixon,1995,https://boxd.it/1Vds
2022-04-11,Mr. Holland's Opus,1995,https://boxd.it/27xO
2022-04-12,Being John Malkovich,1999,https://boxd.it/2ahu
2022-04-13,The Man from U.N.C.L.E.,2015,https://boxd.it/67lG
2022-04-13,Edge of Tomorrow,2014,https://boxd.it/4pD0
2022-04-14,Cast Away,2000,https://boxd.it/20i8
2022-04-15,A Serious Man,2009,https://boxd.it/1RFW
2022-04-15,Gattaca,1997,https://boxd.it/29Du
2022-04-15,The Shape of Water,2017,https://boxd.it/dZ5m
2022-04-15,The Help,2011,https://boxd.it/EDm
2022-04-15,Jumanji,1995,https://boxd.it/1ZLI
2022-04-16,Minority Report,2002,https://boxd.it/2aWi
2022-04-16,Capote,2005,https://boxd.it/2atq
2022-04-17,A Knight's Tale,2001,https://boxd.it/1YAk
2022-04-17,Swiss Army Man,2016,https://boxd.it/bDG2
2022-04-18,Wheel of Fortune and Fantasy,2021,https://boxd.it/tWcm
2022-04-19,Liberal Arts,2012,https://boxd.it/2Y7O
2022-04-19,Rosemary's Baby,1968,https://boxd.it/29zM
2022-04-19,Glengarry Glen Ross,1992,https://boxd.it/1Yw8
2022-04-20,Tangerine,2015,https://boxd.it/9QRe
2022-04-20,Isle of Dogs,2018,https://boxd.it/dZrW
2022-04-20,The Fisher King,1991,https://boxd.it/2aWM
2022-04-21,The Game,1997,https://boxd.it/26vC
2022-04-21,Nocturnal Animals,2016,https://boxd.it/bkFu
2022-04-24,Wall Street,1987,https://boxd.it/1VFG
2022-04-28,Wag the Dog,1997,https://boxd.it/2a3W
2022-04-28,Rain Man,1988,https://boxd.it/2avw
2022-05-04,Weird: The Al Yankovic Story,2022,https://boxd.it/yYZA
2022-05-05,"Girl, Interrupted",1999,https://boxd.it/25ds
2022-05-06,The Freshman,1990,https://boxd.it/1WUW
2022-05-06,Wind River,2017,https://boxd.it/dR3i
2022-05-09,Mysterious Skin,2004,https://boxd.it/1UsG
2022-05-11,Detachment,2011,https://boxd.it/2BiY
2022-05-11,Amadeus,1984,https://boxd.it/2aH8
2022-05-11,Grand Piano,2013,https://boxd.it/6xyQ
2022-05-11,Misery,1990,https://boxd.it/28gY
2022-05-11,Notes on a Scandal,2006,https://boxd.it/28Zu
2022-05-11,Frank,2014,https://boxd.it/5hII
2022-05-11,Rise,2022,https://boxd.it/svMU
2022-05-12,Airplane II: The Sequel,1982,https://boxd.it/26uu
2022-05-13,The Edge of Seventeen,2016,https://boxd.it/d5nu
2022-05-15,Sorry to Bother You,2018,https://boxd.it/f21E
2022-05-16,IF,2024,https://boxd.it/nJwG
2022-05-20,Only Lovers Left Alive,2013,https://boxd.it/4O1U
2022-05-20,Paterson,2016,https://boxd.it/cRk2
2022-05-20,Shooting Stars,2023,https://boxd.it/AEgu
2022-05-24,Pride,2014,https://boxd.it/6TwM
2022-05-26,The Passion of Joan of Arc,1928,https://boxd.it/29DO
2022-05-27,Serpico,1973,https://boxd.it/1ZjE
2022-05-31,A Single Man,2009,https://boxd.it/1dx4
2022-06-01,Mothers' Instinct,2024,https://boxd.it/suzK
2022-06-06,Ray,2004,https://boxd.it/28km
2022-06-09,What's Eating Gilbert Grape,1993,https://boxd.it/28xg
2022-06-09,A Bronx Tale,1993,https://boxd.it/28uQ
2022-06-12,Hell or High Water,2016,https://boxd.it/bfGM
2022-06-13,Children of Men,2006,https://boxd.it/1Y2i
2022-06-15,Reagan,2024,https://boxd.it/o2QA
2022-06-16,Spaceman,2024,https://boxd.it/nC20
2022-06-17,Velvet Goldmine,1998,https://boxd.it/2878
2022-06-18,Lethal Weapon,1987,https://boxd.it/29e0
2022-06-20,The Killer,2023,https://boxd.it/u6WE
2022-06-20,Moon,2009,https://boxd.it/1IGQ
2022-06-21,The Assassination of Jesse James by the Coward Robert Ford,2007,https://boxd.it/24dG
2022-06-21,The Peanut Butter Falcon,2019,https://boxd.it/gzu2
2022-06-22,If Beale Street Could Talk,2018,https://boxd.it/gGhu
2022-06-22,The Last Black Man in San Francisco,2019,https://boxd.it/iWAw
2022-06-22,Wildlife,2018,https://boxd.it/eKYe
2022-06-23,Platoon,1986,https://boxd.it/29BS
2022-06-24,Bones and All,2022,https://boxd.it/tLd4
2022-06-27,Dune: Part Two,2024,https://boxd.it/pUfA
2022-07-04,Portrait of a Lady on Fire,2019,https://boxd.it/jkPq
2022-07-06,Amour,2012,https://boxd.it/34Q6
2022-07-06,The Hurt Locker,2008,https://boxd.it/1Soi
2022-07-06,Point Break,1991,https://boxd.it/2958
2022-07-06,Pain Hustlers,2023,https://boxd.it/wBNW
2022-07-06,Beau Is Afraid,2023,https://boxd.it/u2gE
2022-07-06,Ferrari,2023,https://boxd.it/cEtq
2022-07-06,Nope,2022,https://boxd.it/sDCe
2022-07-07,The Captain,2017,https://boxd.it/h2os
2022-07-10,Swingers,1996,https://boxd.it/1WNc
2022-07-10,Kiss Kiss Bang Bang,2005,https://boxd.it/23c8
2022-07-11,Dark Waters,2019,https://boxd.it/kaYu
2022-07-13,Honey Boy,2019,https://boxd.it/ixvm
2022-07-13,Philadelphia,1993,https://boxd.it/1XMk
2022-07-15,Dances with Wolves,1990,https://boxd.it/2a4K
2022-07-16,Primer,2004,https://boxd.it/6YA
2022-07-18,My Left Foot: The Story of Christy Brown,1989,https://boxd.it/1WW4
2022-07-19,Erin Brockovich,2000,https://boxd.it/2al2
2022-07-19,The Normal Heart,2014,https://boxd.it/3NR4
2022-07-20,All Quiet on the Western Front,2022,https://boxd.it/H08
2022-07-20,White Noise,2022,https://boxd.it/rXgK
2022-07-20,"Synecdoche, New York",2008,https://boxd.it/23zw
2022-07-21,25th Hour,2002,https://boxd.it/28LC
2022-07-21,Network,1976,https://boxd.it/1VqG
2022-07-21,Amsterdam,2022,https://boxd.it/oJ58
2022-07-22,The Thin Red Line,1998,https://boxd.it/1ZTM
2022-07-22,Moonstruck,1987,https://boxd.it/27zg
2022-07-23,The Iron Giant,1999,https://boxd.it/1Wow
2022-07-25,John Wick: Chapter 4,2023,https://boxd.it/mh48
2022-07-25,Women Talking,2022,https://boxd.it/tdq4
2022-07-25,Asteroid City,2023,https://boxd.it/s3ds
2022-07-25,TÁR,2022,https://boxd.it/uNIA
2022-07-25,Navalny,2022,https://boxd.it/yV2g
2022-07-25,Thirteen Lives,2022,https://boxd.it/q7O4
2022-07-25,The Deer Hunter,1978,https://boxd.it/1T6O
2022-07-25,The Bridges of Madison County,1995,https://boxd.it/29Os
2022-07-26,Polaris,,https://boxd.it/vMS2
2022-07-26,Vengeance,2022,https://boxd.it/pu7U
2022-07-26,Nightbitch,2024,https://boxd.it/rk8s
2022-07-26,Ex Machina,2015,https://boxd.it/7T2k
2022-07-26,Roman Holiday,1953,https://boxd.it/29zW
2022-07-26,Breakfast at Tiffany's,1961,https://boxd.it/2aYS
2022-07-26,Our Friend,2019,https://boxd.it/ltxE
2022-07-26,Gone Baby Gone,2007,https://boxd.it/23R6
2022-07-26,Stop Making Sense,1984,https://boxd.it/1ygo
2022-07-26,The Lives of Others,2006,https://boxd.it/2a4A
2022-07-26,The Insider,1999,https://boxd.it/1ZoE
2022-07-26,Anatomy of a Murder,1959,https://boxd.it/2baa
2022-07-26,My Own Private Idaho,1991,https://boxd.it/2ak4
2022-07-28,Short Term 12,2013,https://boxd.it/5f6s
2022-07-28,Thief,1981,https://boxd.it/1TEc
2022-07-28,Spirited,2022,https://boxd.it/nshk
2022-07-28,The Age of Innocence,1993,https://boxd.it/1WgM
2022-07-29,Starship Troopers,1997,https://boxd.it/2a7k
2022-07-31,This Is Spinal Tap,1984,https://boxd.it/1UOs
2022-08-01,Walk the Line,2005,https://boxd.it/2bdS
2022-08-01,Billy Elliot,2000,https://boxd.it/2bdy
2022-08-01,The Hill,1965,https://boxd.it/1xJY
2022-08-01,The Hunt for Red October,1990,https://boxd.it/28lk
2022-08-02,Brooklyn,2015,https://boxd.it/5bdk
2022-08-02,A History of Violence,2005,https://boxd.it/2bfa
2022-08-02,The Conversation,1974,https://boxd.it/2a38
2022-08-03,Doubt,2008,https://boxd.it/1OfQ
2022-08-03,Eddie the Eagle,2015,https://boxd.it/amAY
2022-08-04,Looper,2012,https://boxd.it/ham
2022-08-05,Rustin,2023,https://boxd.it/xVRG
2022-08-05,Burn After Reading,2008,https://boxd.it/23BW
2022-08-06,Conspiracy,2001,https://boxd.it/1R5u
2022-08-06,Tinker Tailor Soldier Spy,2011,https://boxd.it/FRY
2022-08-06,Thank You for Smoking,2005,https://boxd.it/1YOc
2022-08-07,A Brighter Summer Day,1991,https://boxd.it/1Luy
2022-08-08,Joker: Folie à Deux,2024,https://boxd.it/xBoE
2022-08-09,Playing,2007,https://boxd.it/33Oe
2022-08-09,The Cabinet of Dr. Caligari,1920,https://boxd.it/2aOo
2022-08-09,Snowpiercer,2013,https://boxd.it/3Icg
2022-08-11,Stalker,1979,https://boxd.it/28PO
2022-08-11,Drive-Away Dolls,2024,https://boxd.it/A8vi
2022-08-11,The Blues Brothers,1980,https://boxd.it/2adi
2022-08-11,Hugo,2011,https://boxd.it/R08
2022-08-11,Mud,2012,https://boxd.it/3wPA
2022-08-11,Contact,1997,https://boxd.it/29OM
2022-08-11,A Time to Kill,1996,https://boxd.it/28pc
2022-08-12,Foe,2023,https://boxd.it/sy7U
2022-08-13,The Ides of March,2011,https://boxd.it/1WyG
2022-08-13,Wolf Man,2025,https://boxd.it/qzSI
2022-08-13,Casino Royale,1967,https://boxd.it/1ShQ
2022-08-14,20th Century Women,2016,https://boxd.it/bqU6
2022-08-14,The Wave,2008,https://boxd.it/20OS
2022-08-14,"Good Bye, Lenin!",2003,https://boxd.it/2ayA
2022-08-15,"The Adventures of Priscilla, Queen of the Desert",1994,https://boxd.it/26mg
2022-08-16,Marcel the Shell with Shoes On,2021,https://boxd.it/wMAk
2022-08-16,Little Children,2006,https://boxd.it/28Ka
2022-08-16,A River Runs Through It,1992,https://boxd.it/2aFm
2022-08-17,Scenes from a Marriage,2021,https://boxd.it/wzSU
2022-08-18,The Great Beauty,2013,https://boxd.it/5ty6
2022-08-22,Sin City,2005,https://boxd.it/2aVk
2022-08-22,Green Room,2015,https://boxd.it/a75m
2022-08-22,The Life Aquatic with Steve Zissou,2004,https://boxd.it/2aqw
2022-08-22,"Master, a Building in Copacabana",2002,https://boxd.it/gJK
2022-08-25,"Lock, Stock and Two Smoking Barrels",1998,https://boxd.it/2b92
2022-08-26,Mars One,2022,https://boxd.it/yoPa
2022-08-26,Maestro,2023,https://boxd.it/j0DE
2022-08-27,Eastern Promises,2007,https://boxd.it/275q
2022-08-27,Short Cuts,1993,https://boxd.it/29Nk
2022-09-01,See How They Run,2022,https://boxd.it/sNVq
2022-09-01,"I Love You, Man",2009,https://boxd.it/1JZu
2022-09-02,Beginners,2010,https://boxd.it/s2S
2022-09-02,Vanilla Sky,2001,https://boxd.it/27TK
2022-09-02,About Schmidt,2002,https://boxd.it/26mU
2022-09-02,Sergio,2009,https://boxd.it/13Fs
2022-09-06,The Maltese Falcon,1941,https://boxd.it/29c4
2022-09-06,Megalopolis,2024,https://boxd.it/lPBS
2022-09-06,The Hobbit: An Unexpected Journey,2012,https://boxd.it/GZk
2022-09-06,The Hobbit: The Desolation of Smaug,2013,https://boxd.it/nmS
2022-09-06,The Hobbit: The Battle of the Five Armies,2014,https://boxd.it/43aU
2022-09-08,Me and Earl and the Dying Girl,2015,https://boxd.it/9SAE
2022-09-09,Pan's Labyrinth,2006,https://boxd.it/28No
2022-09-09,Inside Man,2006,https://boxd.it/2auS
2022-09-09,One Cut of the Dead,2017,https://boxd.it/iAFu
2022-09-12,Blue Is the Warmest Color,2013,https://boxd.it/4O40
2022-09-12,After Yang,2021,https://boxd.it/lx5a
2022-09-14,Back to Black,2024,https://boxd.it/BKV6
2022-09-14,Bob Marley: One Love,2024,https://boxd.it/uckw
2022-09-14,Triangle of Sadness,2022,https://boxd.it/hXlq
2022-09-14,The Hustler,1961,https://boxd.it/298G
2022-09-19,Only the Brave,2017,https://boxd.it/dRqw
2022-09-19,The Gorge,2025,https://boxd.it/zRqK
2022-09-19,Twin Peaks: Fire Walk with Me,1992,https://boxd.it/27Qw
2022-09-20,Brazil,1985,https://boxd.it/2be2
2022-09-20,Wonder Boys,2000,https://boxd.it/1USE
2022-09-23,The Woman King,2022,https://boxd.it/r9a8
2022-09-23,Dirty Harry,1971,https://boxd.it/299E
2022-09-25,Avatar: The Way of Water,2022,https://boxd.it/2E2E
2022-09-27,Carry-On,2024,https://boxd.it/C0B2
2022-09-27,Beetlejuice Beetlejuice,2024,https://boxd.it/yyGs
2022-09-28,Fallen Angels,1995,https://boxd.it/1UkW
2022-10-01,Knox Goes Away,2023,https://boxd.it/AJsA
2022-10-01,Lost in Translation,2003,https://boxd.it/2b0E
2022-10-04,Little Shop of Horrors,1986,https://boxd.it/1Vqm
2022-10-05,Rush Hour,1998,https://boxd.it/27pU
2022-10-06,Entergalactic,2022,https://boxd.it/CPN4
2022-10-07,"Planes, Trains and Automobiles",1987,https://boxd.it/26zE
2022-10-11,Mississippi Burning,1988,https://boxd.it/28r8
2022-10-11,Wild at Heart,1990,https://boxd.it/2aii
2022-10-12,The Last King of Scotland,2006,https://boxd.it/28FE
2022-10-14,The Handmaiden,2016,https://boxd.it/948A
2022-10-18,Blink Twice,2024,https://boxd.it/vIOg
2022-10-18,The Bikeriders,2023,https://boxd.it/C6Ym
2022-10-18,Violent Night,2022,https://boxd.it/xXBA
2022-10-18,The Chronology of Water,2025,https://boxd.it/j3pq
2022-10-18,Wolfs,2024,https://boxd.it/x6zG
2022-10-19,Mississippi Grind,2015,https://boxd.it/9UfI
2022-10-19,Wizards!,,https://boxd.it/ATiK
2022-10-19,Furiosa: A Mad Max Saga,2024,https://boxd.it/tABk
2022-10-19,The Outrun,2024,https://boxd.it/txPo
2022-10-19,Daddio,2023,https://boxd.it/vOlY
2022-10-20,99 Homes,2014,https://boxd.it/8KuG
2022-10-21,Indiana Jones and the Dial of Destiny,2023,https://boxd.it/b8vM
2022-10-21,Ten Years Later: The Extended Pied Piper Documentary,2019,https://boxd.it/uHjE
2022-10-22,The Verdict,1982,https://boxd.it/1y3Y
2022-10-22,Twelve Monkeys,1995,https://boxd.it/2beQ
2022-10-22,Creed III,2023,https://boxd.it/pf68
2022-10-22,Ant-Man and the Wasp: Quantumania,2023,https://boxd.it/nL2y
2022-10-22,The Color Purple,2023,https://boxd.it/ksja
2022-10-22,The Running Man,2025,https://boxd.it/u36A
2022-10-22,The Creator,2023,https://boxd.it/oXWq
2022-10-22,Ally,,https://boxd.it/vfq0
2022-10-23,The New World,2005,https://boxd.it/1TVW
2022-10-23,Crazy Heart,2009,https://boxd.it/1wds
2022-11-01,The Wonder,2022,https://boxd.it/v3uY
2022-11-03,The English Patient,1996,https://boxd.it/2arE
2022-11-04,Hit Man,2023,https://boxd.it/ANB2
2022-11-07,Double Indemnity,1944,https://boxd.it/297I
2022-11-09,Tetris,2023,https://boxd.it/rePK
2022-11-09,Havoc,2025,https://boxd.it/oTok
2022-11-09,Silent Night,2023,https://boxd.it/xEF4
2022-11-09,Highlander,,https://boxd.it/bine
2022-11-09,Rendezvous with Rama,,https://boxd.it/yvru
2022-11-09,Once,2007,https://boxd.it/22GG
2022-11-11,Snoop,2027,https://boxd.it/UPVS
2022-11-14,E.T. the Extra-Terrestrial,1982,https://boxd.it/2a1G
2022-11-14,Dead Poets Society,1989,https://boxd.it/2aSg
2022-11-14,The Lion King,1994,https://boxd.it/201Q
2022-11-15,Reservoir Dogs,1992,https://boxd.it/2agc
2022-11-15,Jurassic Park,1993,https://boxd.it/2aA2
2022-11-16,Stutz,2022,https://boxd.it/u5li
2022-11-17,Wild Horse Nine,2026,https://boxd.it/xG0M
2022-11-17,A Man Amidst Bees,2015,https://boxd.it/8c40
2022-11-17,Cocaine Bear,2023,https://boxd.it/ugw2
2022-11-17,Inside,2023,https://boxd.it/AagY
2022-11-17,Lilo & Stitch,2025,https://boxd.it/kbUe
2022-11-17,Gran Turismo,2023,https://boxd.it/B2lS
2022-11-17,A Haunting in Venice,2023,https://boxd.it/zGdg
2022-11-17,The Garfield Movie,2024,https://boxd.it/s93y
2022-11-18,For a Few Dollars More,1965,https://boxd.it/29eu
2022-11-21,21 Jump Street,2012,https://boxd.it/J0
2022-11-21,22 Jump Street,2014,https://boxd.it/5Fvy
2022-11-21,The Adventures of Tintin,2011,https://boxd.it/1Irc
2022-11-21,The Amazing Spider-Man 2,2014,https://boxd.it/3utM
2022-11-21,The Amazing Spider-Man,2012,https://boxd.it/27PI
2022-11-26,Glory,1989,https://boxd.it/1Y6u
2022-11-30,John Wick: Chapter 3 – Parabellum,2019,https://boxd.it/gmFw
2022-12-01,Phone Booth,2002,https://boxd.it/285G
2022-12-01,The Ice Storm,1997,https://boxd.it/2c6I
2022-12-01,Up in the Air,2009,https://boxd.it/1zPY
2022-12-04,Fingernails,2023,https://boxd.it/tJ82
2022-12-04,Clue,1985,https://boxd.it/1MDQ
2022-12-07,Body Double,1984,https://boxd.it/1TGW
2022-12-08,The People vs. Larry Flynt,1996,https://boxd.it/28rs
2022-12-18,Kinds of Kindness,2024,https://boxd.it/CWPw
2022-12-18,All of Us Strangers,2023,https://boxd.it/Bz3C
2022-12-18,In the Blink of an Eye,2026,https://boxd.it/D3Wu
2022-12-18,Ballerina,2025,https://boxd.it/jKqG
2022-12-20,Mean Girls,2024,https://boxd.it/p6nO
2022-12-20,Gladiator II,2024,https://boxd.it/kqQQ
2022-12-20,Wallace & Gromit: Vengeance Most Fowl,2024,https://boxd.it/z14C
2022-12-20,Tracy Flick Can't Win,,https://boxd.it/E4jq
2022-12-21,Crazy Rich Asians,2018,https://boxd.it/gfnK
2022-12-23,The Haunting of Hill House,2018,https://boxd.it/kfJ0
2022-12-25,Catch That Kid,2004,https://boxd.it/1DpK
2022-12-27,Blitz,2024,https://boxd.it/xR8i
2023-01-05,Next Goal Wins,2023,https://boxd.it/mZTu
2023-01-05,Avatar: Fire and Ash,2025,https://boxd.it/2W7s
2023-01-05,The Batman: Part II,2028,https://boxd.it/umDy
2023-01-06,12 Years a Slave,2013,https://boxd.it/2D2e
2023-01-10,Stuart: A Life Backwards,2007,https://boxd.it/EAM
2023-01-11,The Farewell,2019,https://boxd.it/kIky
2023-01-17,Die My Love,2025,https://boxd.it/D5cI
2023-01-17,They Cloned Tyrone,2023,https://boxd.it/rE7a
2023-01-17,Here,2024,https://boxd.it/zscS
2023-01-17,The End We Start From,2023,https://boxd.it/AMom
2023-01-19,Leave the World Behind,2023,https://boxd.it/re0i
2023-01-19,Ultra,,https://boxd.it/EapO
2023-01-22,Jarhead,2005,https://boxd.it/70m
2023-01-28,The Way of the Wind,,https://boxd.it/mqE0
2023-01-29,Till,2022,https://boxd.it/wfwY
2023-02-03,Shattered Glass,2003,https://boxd.it/1PXa
2023-02-03,Carlito's Way,1993,https://boxd.it/226e
2023-02-07,Letters from Iwo Jima,2006,https://boxd.it/290C
2023-02-10,Margaret,2011,https://boxd.it/2kbm
2023-02-10,You Can Count on Me,2000,https://boxd.it/1Omi
2023-02-10,Born on the Fourth of July,1989,https://boxd.it/26A8
2023-02-11,...And Justice for All,1979,https://boxd.it/1IFI
2023-02-14,Blindness,2008,https://boxd.it/20lc
2023-02-17,Stuck in Love,2012,https://boxd.it/3L08
2023-02-25,Lost River,2014,https://boxd.it/5cjy
2023-02-25,Sicko,2007,https://boxd.it/26Sm
2023-02-26,Funny Games,1997,https://boxd.it/1WKM
2023-03-05,Road House,2024,https://boxd.it/cdzQ
2023-03-08,The Tiger,,https://boxd.it/10YK2
2023-03-09,Tin Soldier,2025,https://boxd.it/AUAg
2023-03-09,The Alto Knights,2025,https://boxd.it/CjB6
2023-03-09,The Way Way Back,2013,https://boxd.it/4Gwq
2023-03-09,The Descendants,2011,https://boxd.it/4Ba
2023-03-09,The Post,2017,https://boxd.it/fTeG
2023-03-10,Warrior,2011,https://boxd.it/i3G
2023-03-10,Syriana,2005,https://boxd.it/2aOS
2023-03-10,The Constant Gardener,2005,https://boxd.it/27HE
2023-03-10,Pain and Glory,2019,https://boxd.it/iOBQ
2023-03-13,Guy Ritchie's The Covenant,2023,https://boxd.it/xjcK
2023-03-13,The Book of Clarence,2023,https://boxd.it/ASQ2
2023-03-14,Kung Fu Panda 4,2024,https://boxd.it/CepE
2023-03-14,Monster,2003,https://boxd.it/2afy
2023-03-15,A Thousand and One,2023,https://boxd.it/wi60
2023-03-15,Flora and Son,2023,https://boxd.it/E63u
2023-03-15,Priscilla,2023,https://boxd.it/Cz3k
2023-03-16,Normal People,2020,https://boxd.it/q2VY
2023-03-16,The Town,2010,https://boxd.it/1zyS
2023-03-16,The Ministry of Ungentlemanly Warfare,2024,https://boxd.it/u5zu
2023-03-21,A League of Their Own,1992,https://boxd.it/1UdG
2023-03-23,The Clown,2011,https://boxd.it/2MEc
2023-03-23,The Second Mother,2015,https://boxd.it/9Ydm
2023-03-23,The Violin Teacher,2015,https://boxd.it/6JwW
2023-03-23,Reflections of a Blender,2010,https://boxd.it/4YgA
2023-03-23,Drained,2006,https://boxd.it/10LM
2023-03-23,Zathura: A Space Adventure,2005,https://boxd.it/21mq
2023-03-23,Leaving Las Vegas,1995,https://boxd.it/2amE
2023-03-23,The Birdcage,1996,https://boxd.it/1UTi
2023-03-24,Blood Diamond,2006,https://boxd.it/28Tm
2023-03-25,Broker,2022,https://boxd.it/rDUU
2023-03-26,Mary and Max,2009,https://boxd.it/1y2m
2023-03-27,Steve Jobs,2015,https://boxd.it/araG
2023-03-29,Cleopatra,,https://boxd.it/y6ZG
2023-03-29,28 Days Later,2002,https://boxd.it/2aXU
2023-03-29,Master and Commander: The Far Side of the World,2003,https://boxd.it/200S
2023-03-30,Battle of the Sexes,2017,https://boxd.it/cNxw
2023-04-04,The Guilty,2018,https://boxd.it/hw9i
2023-04-04,Poolman,2023,https://boxd.it/vtQw
2023-04-05,Rye Lane,2023,https://boxd.it/DIyy
2023-04-06,Blue Beetle,2023,https://boxd.it/kJLq
2023-04-07,Outcome,2026,https://boxd.it/DHU4
2023-04-09,Puss in Boots: The Last Wish,2022,https://boxd.it/aaie
2023-04-11,Miracle Mile,1988,https://boxd.it/1x68
2023-04-12,BEEF,2023,https://boxd.it/FPsm
2023-04-13,God's Creatures,2022,https://boxd.it/veBc
2023-04-13,A Letter from Rose Kennedy,,https://boxd.it/pEyc
2023-04-15,Showing Up,2022,https://boxd.it/tJ1q
2023-04-15,Cobweb,2023,https://boxd.it/y3ag
2023-04-17,An Education,2009,https://boxd.it/1xcg
2023-04-25,Strange Days,1995,https://boxd.it/2aGO
2023-04-26,Origin,2023,https://boxd.it/shJs
2023-04-27,The Piano Lesson,2024,https://boxd.it/uhCA
2023-04-28,No Sudden Move,2021,https://boxd.it/o7WS
2023-04-28,Wish,2023,https://boxd.it/CFtS
2023-04-28,This Boy's Life,1993,https://boxd.it/20yg
2023-04-28,Candy,2006,https://boxd.it/24l6
2023-04-28,"Rome, Open City",1945,https://boxd.it/2aD6
2023-04-29,The Long Goodbye,1973,https://boxd.it/281O
2023-04-29,Duck Soup,1933,https://boxd.it/25PG
2023-04-29,GoodFellas,1990,https://boxd.it/29FA
2023-04-29,The Third Man,1949,https://boxd.it/294E
2023-05-01,Operation Finale,2018,https://boxd.it/hN1g
2023-05-02,Lenny Cooke,2013,https://boxd.it/5mbk
2023-05-02,The Legend of Ochi,2025,https://boxd.it/xRZm
2023-05-02,The Thomas Crown Affair,2027,https://boxd.it/mJNK
2023-05-03,The Treasure of the Sierra Madre,1948,https://boxd.it/25Lk
2023-05-03,Nosferatu,1922,https://boxd.it/29TM
2023-05-03,Nights of Cabiria,1957,https://boxd.it/1F7e
2023-05-03,The Union,2024,https://boxd.it/qkD4
2023-05-03,Eddington,2025,https://boxd.it/o6MC
2023-05-03,Wildcat,2023,https://boxd.it/EHX0
2023-05-04,Ghost Killers vs. Bloody Mary,2018,https://boxd.it/kw3U
2023-05-04,On Swift Horses,2024,https://boxd.it/FkhW
2023-05-05,Panic Room,2002,https://boxd.it/2490
2023-05-07,In the Grey,2026,https://boxd.it/Grji
2023-05-09,Broadcast News,1987,https://boxd.it/1RxS
2023-05-09,Andrei Rublev,1966,https://boxd.it/29lg
2023-05-10,Lear Rex,,https://boxd.it/ufCe
2023-05-10,Billy Knight,2025,https://boxd.it/CWyK
2023-05-10,Easy's Waltz,2025,https://boxd.it/FhwE
2023-05-14,The Last Picture Show,1971,https://boxd.it/1weg
2023-05-14,Cool Hand Luke,1967,https://boxd.it/29jY
2023-05-15,The King's Man,2021,https://boxd.it/h714
2023-05-16,The Umbrellas of Cherbourg,1964,https://boxd.it/22fK
2023-05-16,Aliens,1986,https://boxd.it/29PA
2023-05-16,Hearts of Darkness: A Filmmaker's Apocalypse,1991,https://boxd.it/24ai
2023-05-18,BlackBerry,2023,https://boxd.it/CoVK
2023-05-19,The Leopard,1963,https://boxd.it/296K
2023-05-19,Ugetsu,1953,https://boxd.it/1NyM
2023-05-19,The Red Shoes,1948,https://boxd.it/1EXI
2023-05-19,The River,1951,https://boxd.it/Q3K
2023-05-19,The Searchers,1956,https://boxd.it/25HC
2023-05-19,Salvatore Giuliano,1962,https://boxd.it/1rBk
2023-05-19,Ashes and Diamonds,1958,https://boxd.it/23q0
2023-05-19,8½,1963,https://boxd.it/2aqm
2023-05-19,Rebel Without a Cause,1955,https://boxd.it/2aQu
2023-05-19,The Changeling,1980,https://boxd.it/1PVy
2023-05-19,Pather Panchali,1955,https://boxd.it/22yC
2023-05-19,Dead of Night,1945,https://boxd.it/1PQI
2023-05-19,The Chess Players,1977,https://boxd.it/2Oko
2023-05-19,The Haunting,1963,https://boxd.it/1T7M
2023-05-19,The Innocents,1961,https://boxd.it/1KeY
2023-05-20,Annihilation,2018,https://boxd.it/9yzm
2023-05-22,Reign Over Me,2007,https://boxd.it/26SQ
2023-05-23,Sullivan's Travels,1941,https://boxd.it/1Ko0
2023-05-24,Amélie,2001,https://boxd.it/2aUc
2023-05-24,The Sound of Music,1965,https://boxd.it/1MLK
2023-05-24,The Bridge on the River Kwai,1957,https://boxd.it/29wo
2023-05-24,The Usual Suspects,1995,https://boxd.it/29XE
2023-05-24,Monty Python and the Holy Grail,1975,https://boxd.it/29GI
2023-05-24,"The Good, the Bad, the Weird",2008,https://boxd.it/1MSG
2023-05-24,Breathless,1960,https://boxd.it/2aIK
2023-05-24,The Seven Year Itch,1955,https://boxd.it/1VIK
2023-05-24,"Crouching Tiger, Hidden Dragon",2000,https://boxd.it/2b1M
2023-05-24,Rashomon,1950,https://boxd.it/2a9K
2023-05-24,Some Like It Hot,1959,https://boxd.it/2aNA
2023-05-24,The Seventh Seal,1957,https://boxd.it/2ahO
2023-05-24,The Elephant Man,1980,https://boxd.it/27LQ
2023-05-24,Gravity,2013,https://boxd.it/GZY
2023-05-24,The Silence,1963,https://boxd.it/1TH6
2023-05-24,La Dolce Vita,1960,https://boxd.it/2anC
2023-05-24,The Gold Rush,1925,https://boxd.it/29ce
2023-05-24,Solaris,1972,https://boxd.it/2a2Y
2023-05-24,The Wages of Fear,1953,https://boxd.it/2aSK
2023-05-24,Persona,1966,https://boxd.it/29B4
2023-05-24,"Aguirre, the Wrath of God",1972,https://boxd.it/27Fe
2023-05-24,The Terminator,1984,https://boxd.it/2aQY
2023-05-24,Roma,2018,https://boxd.it/f69M
2023-05-24,Your Name.,2016,https://boxd.it/cUqs
2023-05-24,Ring,1998,https://boxd.it/26tw
2023-05-25,Being There,1979,https://boxd.it/1WxS
2023-05-26,Problemista,2023,https://boxd.it/waGO
2023-05-26,Bonnie and Clyde,1967,https://boxd.it/2ajg
2023-05-26,"Black God, White Devil",1964,https://boxd.it/2fmY
2023-05-26,Man on Wire,2008,https://boxd.it/1ORK
2023-05-26,Mother Mary,2026,https://boxd.it/FILw
2023-05-27,How to Blow Up a Pipeline,2022,https://boxd.it/C69e
2023-05-27,The Sisters Brothers,2018,https://boxd.it/fDFm
2023-05-28,"Merry Christmas, Mr. Lawrence",1983,https://boxd.it/1SHu
2023-05-28,True Romance,1993,https://boxd.it/2aBa
2023-05-28,In the Loop,2009,https://boxd.it/1EsA
2023-05-28,Casablanca,1942,https://boxd.it/2aG0
2023-05-28,Annie Hall,1977,https://boxd.it/29M2
2023-05-28,Battleship Potemkin,1925,https://boxd.it/29Vo
2023-05-28,A Separation,2011,https://boxd.it/gvo
2023-05-28,The Salesman,2016,https://boxd.it/d2we
2023-05-28,Toni Erdmann,2016,https://boxd.it/d0xu
2023-05-28,Cold War,2018,https://boxd.it/fEoc
2023-05-28,Burning,2018,https://boxd.it/hHUa
2023-05-28,A Prophet,2009,https://boxd.it/1BGE
2023-05-28,Let the Right One In,2008,https://boxd.it/1Qr0
2023-05-28,The White Ribbon,2009,https://boxd.it/17eU
2023-05-28,The Return,2003,https://boxd.it/1UpM
2023-05-28,Leviathan,2014,https://boxd.it/7Ub8
2023-05-28,Son of Saul,2015,https://boxd.it/b6r4
2023-05-28,Ida,2013,https://boxd.it/6fRg
2023-05-28,mother!,2017,https://boxd.it/dgRU
2023-05-29,Michael Clayton,2007,https://boxd.it/2466
2023-05-29,I'm Not There,2007,https://boxd.it/24Ys
2023-05-29,The Diving Bell and the Butterfly,2007,https://boxd.it/27Di
2023-05-30,The Room,2003,https://boxd.it/1ICY
2023-05-30,Closer,2004,https://boxd.it/270K
2023-05-30,The Panic in Needle Park,1971,https://boxd.it/1rwu
2023-05-30,Scarecrow,1973,https://boxd.it/1iLU
2023-05-30,House of Games,1987,https://boxd.it/1tji
2023-05-30,Ruby Sparks,2012,https://boxd.it/3w9O
2023-05-31,Christiane F.,1981,https://boxd.it/1YiA
2023-06-03,Halloween,1978,https://boxd.it/2wRu
2023-06-03,High Noon,1952,https://boxd.it/2aGa
2023-06-05,Rio Bravo,1959,https://boxd.it/2aE4
2023-06-05,Home Alone,1990,https://boxd.it/29Fg
2023-06-05,Anchorman: The Legend of Ron Burgundy,2004,https://boxd.it/1ZVo
2023-06-05,To Kill a Mockingbird,1962,https://boxd.it/2a2E
2023-06-05,The Magnificent Seven,1960,https://boxd.it/29bA
2023-06-05,L'Atalante,1934,https://boxd.it/ThU
2023-06-05,Badlands,1973,https://boxd.it/25Fm
2023-06-05,High Fidelity,2000,https://boxd.it/2aMW
2023-06-05,The Believer,2001,https://boxd.it/24Qy
2023-06-06,Lee,2023,https://boxd.it/vpTG
2023-06-06,Freud's Last Session,2023,https://boxd.it/CMca
2023-06-06,The Fire Inside,2024,https://boxd.it/mxR6
2023-06-06,One Life,2023,https://boxd.it/sAhC
2023-06-06,The Boys in the Boat,2023,https://boxd.it/v1OC
2023-06-06,Brute Force,1947,https://boxd.it/2lh6
2023-06-06,Sunrise: A Song of Two Humans,1927,https://boxd.it/29Xk
2023-06-06,Man with a Movie Camera,1929,https://boxd.it/1u7s
2023-06-07,Close-Up,1990,https://boxd.it/1m9q
2023-06-08,Young Frankenstein,1974,https://boxd.it/25To
2023-06-08,The Wild Bunch,1969,https://boxd.it/2a5y
2023-06-08,Green Street Hooligans,2005,https://boxd.it/1ZA6
2023-06-08,Paris Je T'aime,2006,https://boxd.it/273a
2023-06-08,Videodrome,1983,https://boxd.it/29uC
2023-06-08,Possession,1981,https://boxd.it/1BPm
2023-06-08,Taste of Cherry,1997,https://boxd.it/1m8W
2023-06-08,The Last Laugh,1924,https://boxd.it/22es
2023-06-08,A Canterbury Tale,1944,https://boxd.it/1LIg
2023-06-08,Werckmeister Harmonies,2000,https://boxd.it/1zzw
2023-06-08,Mouchette,1967,https://boxd.it/28Bs
2023-06-08,Earth,1930,https://boxd.it/MP6
2023-06-09,Spider-Man: Beyond the Spider-Verse,2027,https://boxd.it/ykgU
2023-06-10,The Fall,2006,https://boxd.it/1NoM
2023-06-15,The Sunset Limited,2011,https://boxd.it/o8M
2023-06-16,The Best Years of Our Lives,1946,https://boxd.it/29my
2023-06-16,A Hard Day's Night,1964,https://boxd.it/29LS
2023-06-16,We Live in Time,2024,https://boxd.it/FC5u
2023-06-18,Dangerous Liaisons,1988,https://boxd.it/29r4
2023-06-18,I Love You Phillip Morris,2009,https://boxd.it/1ZvK
2023-06-19,Paddington 2,2017,https://boxd.it/bCF8
2023-06-19,Paddington,2014,https://boxd.it/3RKw
2023-06-30,Waiting...,2005,https://boxd.it/20Pw
2023-07-02,Hair,1979,https://boxd.it/1VIA
2023-07-02,The Longest Day,1962,https://boxd.it/1Z3w
2023-07-02,Wendy and Lucy,2008,https://boxd.it/1Zx2
2023-07-11,Auntie Mame,1958,https://boxd.it/1KiG
2023-07-11,The Battle of Algiers,1966,https://boxd.it/1IRY
2023-07-11,An Angel at My Table,1990,https://boxd.it/269G
2023-07-11,Nashville,1975,https://boxd.it/25GE
2023-07-11,Audition,1999,https://boxd.it/1UHm
2023-07-11,Vagabond,1985,https://boxd.it/T0u
2023-07-11,The Remains of the Day,1993,https://boxd.it/291A
2023-07-11,Harold and Maude,1971,https://boxd.it/2axM
2023-07-11,Melancholia,2011,https://boxd.it/bPI
2023-07-12,In the Heat of the Night,1967,https://boxd.it/1VLY
2023-07-12,Scenes from a Marriage,1974,https://boxd.it/4kJC
2023-07-14,Pain & Gain,2013,https://boxd.it/4lp4
2023-07-16,Only God Forgives,2013,https://boxd.it/2HBs
2023-07-16,Notorious,1946,https://boxd.it/2aDK
2023-07-17,My Dinner with Andre,1981,https://boxd.it/1vLe
2023-07-19,Stay,2005,https://boxd.it/20BE
2023-07-19,The Squid and the Whale,2005,https://boxd.it/1VAG
2023-07-19,You Can't Take It with You,1938,https://boxd.it/1ejM
2023-07-19,Laura,1944,https://boxd.it/27Oq
2023-07-19,Mildred Pierce,1945,https://boxd.it/25uS
2023-07-19,The Big Sleep,1946,https://boxd.it/29iQ
2023-07-19,Waterloo Bridge,1940,https://boxd.it/TuO
2023-07-19,The Ox-Bow Incident,1943,https://boxd.it/29ai
2023-07-19,Faust,1926,https://boxd.it/1Vxi
2023-07-19,Arsenic and Old Lace,1944,https://boxd.it/2aRW
2023-07-20,Who's Afraid of Virginia Woolf?,1966,https://boxd.it/2atK
2023-07-20,Local Hero,1983,https://boxd.it/1Uiw
2023-07-22,An American in Paris,1951,https://boxd.it/26kY
2023-07-22,A Matter of Life and Death,1946,https://boxd.it/1q6K
2023-07-22,His Girl Friday,1940,https://boxd.it/25M8
2023-07-22,The Earrings of Madame de...,1953,https://boxd.it/2lom
2023-07-22,Mon Oncle,1958,https://boxd.it/2apy
2023-07-22,PlayTime,1967,https://boxd.it/1WLK
2023-07-23,State and Main,2000,https://boxd.it/1BcY
2023-07-23,Barry Lyndon,1975,https://boxd.it/25A2
2023-07-23,Suspiria,1977,https://boxd.it/1SNW
2023-07-23,Battle Royale,2000,https://boxd.it/25zS
2023-07-23,King Kong,1933,https://boxd.it/2aMM
2023-07-23,All Quiet on the Western Front,1930,https://boxd.it/2b2g
2023-07-23,Kes,1969,https://boxd.it/1Qi8
2023-07-23,The Cremator,1969,https://boxd.it/1H8y
2023-07-23,Eyes Without a Face,1960,https://boxd.it/1j9i
2023-07-23,The Conformist,1970,https://boxd.it/20cE
2023-07-23,House,1977,https://boxd.it/1vsm
2023-07-23,Grave of the Fireflies,1988,https://boxd.it/1RUM
2023-07-23,The Vanishing,1988,https://boxd.it/1ZTW
2023-07-23,Naked,1993,https://boxd.it/1BT4
2023-07-23,Boyz n the Hood,1991,https://boxd.it/29Ug
2023-07-23,The Celebration,1998,https://boxd.it/2aCM
2023-07-23,Dogville,2003,https://boxd.it/2a8W
2023-07-23,This Is England,2006,https://boxd.it/1T44
2023-07-23,Signs,2002,https://boxd.it/26t2
2023-07-23,An American Werewolf in London,1981,https://boxd.it/29yk
2023-07-23,Lost Highway,1997,https://boxd.it/29Wc
2023-07-23,Fanny and Alexander,1982,https://boxd.it/22go
2023-07-23,Bride of Frankenstein,1935,https://boxd.it/2aPc
2023-07-23,Harakiri,1962,https://boxd.it/1NTU
2023-07-23,Perfect Blue,1997,https://boxd.it/1W7A
2023-07-23,To Be or Not to Be,1942,https://boxd.it/2aTy
2023-07-23,The Invisible Man,1933,https://boxd.it/1VoK
2023-07-23,Planet of the Apes,1968,https://boxd.it/29p8
2023-07-23,Godzilla,1954,https://boxd.it/28kc
2023-07-23,"Oslo, August 31st",2011,https://boxd.it/2xQC
2023-07-24,Throne of Blood,1957,https://boxd.it/251w
2023-07-24,Talk Radio,1988,https://boxd.it/1X0K
2023-07-26,2046,2004,https://boxd.it/29tu
2023-07-26,"Jeanne Dielman, 23, quai du Commerce, 1080 Bruxelles",1975,https://boxd.it/T18
2023-07-26,Wings of Desire,1987,https://boxd.it/2b26
2023-07-26,I Saw the Devil,2010,https://boxd.it/FaK
2023-07-26,Dancer in the Dark,2000,https://boxd.it/71E
2023-07-26,Loveless,2017,https://boxd.it/fcFa
2023-07-26,Lilya 4-ever,2002,https://boxd.it/1SyW
2023-07-26,Poetic Justice,1993,https://boxd.it/20og
2023-07-26,Suspicion,1941,https://boxd.it/1TNo
2023-07-26,The Eddy,2020,https://boxd.it/pTtc
2023-07-29,Fat Man and Little Boy,1989,https://boxd.it/1rKG
2023-07-30,Theater Camp,2023,https://boxd.it/Bfbm
2023-07-30,Marvellous,2014,https://boxd.it/9kIE
2023-07-30,Anomalisa,2015,https://boxd.it/97TE
2023-07-30,I ♥ Huckabees,2004,https://boxd.it/28vk
2023-07-31,Dial M for Murder,1954,https://boxd.it/2adW
2023-07-31,Dawn of the Dead,1978,https://boxd.it/29gU
2023-07-31,The Ladykillers,1955,https://boxd.it/230w
2023-07-31,Mishima: A Life in Four Chapters,1985,https://boxd.it/1sBA
2023-07-31,Ran,1985,https://boxd.it/1Tlu
2023-07-31,Tampopo,1985,https://boxd.it/1SZe
2023-07-31,Fighting with My Family,2019,https://boxd.it/fRyO
2023-08-01,Investigation of a Citizen Above Suspicion,1970,https://boxd.it/1tRY
2023-08-01,That Obscure Object of Desire,1977,https://boxd.it/22zg
2023-08-01,Nostalgia,1983,https://boxd.it/28Qi
2023-08-01,Ballad of a Soldier,1959,https://boxd.it/MPq
2023-08-01,Ivan's Childhood,1962,https://boxd.it/1j6y
2023-08-01,Only Old Men Are Going to Battle,1974,https://boxd.it/18ZC
2023-08-01,Night of the Living Dead,1968,https://boxd.it/1WwA
2023-08-01,Day of the Dead,1985,https://boxd.it/20dM
2023-08-01,Reality Bites,1994,https://boxd.it/26iI
2023-08-01,An Elephant Sitting Still,2018,https://boxd.it/i1EQ
2023-08-01,The Bitter Tears of Petra von Kant,1972,https://boxd.it/1WzE
2023-08-02,Twin Peaks,1989,https://boxd.it/g8pk
2023-08-02,Woman in the Dunes,1964,https://boxd.it/1JNS
2023-08-02,Le Trou,1960,https://boxd.it/1nSw
2023-08-02,All That Jazz,1979,https://boxd.it/1JB8
2023-08-02,The Shop Around the Corner,1940,https://boxd.it/1DFy
2023-08-02,Traffic,2000,https://boxd.it/27Ue
2023-08-02,District 9,2009,https://boxd.it/1Iik
2023-08-02,Innocent Voices,2004,https://boxd.it/1CFC
2023-08-02,Flags of Our Fathers,2006,https://boxd.it/255y
2023-08-02,The Road to Guantanamo,2006,https://boxd.it/20La
2023-08-02,Thirteen Days,2000,https://boxd.it/1SDs
2023-08-02,The Ghost Writer,2010,https://boxd.it/1TQW
2023-08-02,Da 5 Bloods,2020,https://boxd.it/lnXw
2023-08-02,The Square,2013,https://boxd.it/4Yqg
2023-08-02,First They Killed My Father,2017,https://boxd.it/fmCK
2023-08-02,Down by Law,1986,https://boxd.it/28CA
2023-08-02,Night on Earth,1991,https://boxd.it/2ayq
2023-08-02,The Phoenician Scheme,2025,https://boxd.it/H0Ca
2023-08-02,The Last Waltz,1978,https://boxd.it/1P1U
2023-08-02,Menace II Society,1993,https://boxd.it/1Yuc
2023-08-02,Close,2022,https://boxd.it/y4qa
2023-08-02,Winter Sleep,2014,https://boxd.it/7Ua0
2023-08-02,The Artist,2011,https://boxd.it/2AwK
2023-08-02,Ordinary People,1980,https://boxd.it/1JTm
2023-08-02,The Sting,1973,https://boxd.it/1Z5s
2023-08-02,The French Connection,1971,https://boxd.it/296g
2023-08-02,Patton,1970,https://boxd.it/1UnQ
2023-08-02,The Children's Hour,1961,https://boxd.it/1DZI
2023-08-02,Charade,1963,https://boxd.it/23O2
2023-08-02,Wait Until Dark,1967,https://boxd.it/1Unc
2023-08-02,Two for the Road,1967,https://boxd.it/22AI
2023-08-04,Take Shelter,2011,https://boxd.it/DQ
2023-08-04,Zindagi Na Milegi Dobara,2011,https://boxd.it/efo
2023-08-04,Pieces of a Woman,2020,https://boxd.it/nOrQ
2023-08-04,Little Murders,1971,https://boxd.it/1rL0
2023-08-05,Beasts of No Nation,2015,https://boxd.it/8Lp8
2023-08-05,Terminator 2: Judgment Day,1991,https://boxd.it/2aGY
2023-08-05,Ikiru,1952,https://boxd.it/251c
2023-08-05,Sunshine,2007,https://boxd.it/28Xy
2023-08-05,Close Encounters of the Third Kind,1977,https://boxd.it/29u8
2023-08-05,Hereditary,2018,https://boxd.it/hNVe
2023-08-05,Nine Days,2020,https://boxd.it/mqL6
2023-08-06,Autumn Sonata,1978,https://boxd.it/1Rio
2023-08-06,Au Revoir les Enfants,1987,https://boxd.it/288U
2023-08-06,Mirror,1975,https://boxd.it/28Q8
2023-08-06,All About Eve,1950,https://boxd.it/29LI
2023-08-06,Hedwig and the Angry Inch,2001,https://boxd.it/1Qfe
2023-08-06,The Others,2001,https://boxd.it/27Po
2023-08-06,Atonement,2007,https://boxd.it/24ui
2023-08-06,The Invisible Guest,2016,https://boxd.it/euce
2023-08-06,Us,2019,https://boxd.it/gnV6
2023-08-06,Tokyo Story,1953,https://boxd.it/1HuY
2023-08-06,Paths of Glory,1957,https://boxd.it/29b6
2023-08-06,A Woman Under the Influence,1974,https://boxd.it/1myg
2023-08-06,The Big Sick,2017,https://boxd.it/eHvy
2023-08-07,The Idiots,1998,https://boxd.it/2amu
2023-08-07,Awakenings,1990,https://boxd.it/1USu
2023-08-07,Saint Frances,2019,https://boxd.it/l9w2
2023-08-08,The Hate U Give,2018,https://boxd.it/gQyg
2023-08-08,All the Way,2016,https://boxd.it/bDUo
2023-08-08,King of New York,1990,https://boxd.it/1Ynq
2023-08-08,Princess Mononoke,1997,https://boxd.it/2b4w
2023-08-08,Y Tu Mamá También,2001,https://boxd.it/28QM
2023-08-08,Yi Yi,2000,https://boxd.it/1vCw
2023-08-08,Red Rocket,2021,https://boxd.it/sGpi
2023-08-08,Twin Peaks: The Return,2017,https://boxd.it/hN9O
2023-08-08,Black Christmas,1974,https://boxd.it/1Js6
2023-08-08,Where Is the Friend's House?,1987,https://boxd.it/ELg
2023-08-08,Nowhere,1997,https://boxd.it/286E
2023-08-08,Under the Skin,2013,https://boxd.it/3mDa
2023-08-09,Blood Simple,1984,https://boxd.it/1U16
2023-08-09,Body Heat,1981,https://boxd.it/1O9S
2023-08-09,The African Queen,1951,https://boxd.it/2ai8
2023-08-09,American Graffiti,1973,https://boxd.it/29us
2023-08-09,The Asphalt Jungle,1950,https://boxd.it/1Jrs
2023-08-09,Bad Day at Black Rock,1955,https://boxd.it/1NRk
2023-08-09,The Big Country,1958,https://boxd.it/1RQU
2023-08-09,Brief Encounter,1945,https://boxd.it/29sm
2023-08-09,Bringing Up Baby,1938,https://boxd.it/29ks
2023-08-09,Coming Home,1978,https://boxd.it/1iBA
2023-08-09,Crimson Tide,1995,https://boxd.it/1ZuM
2023-08-09,Deliverance,1972,https://boxd.it/1VGk
2023-08-09,Elevator to the Gallows,1958,https://boxd.it/294u
2023-08-09,Fail Safe,1964,https://boxd.it/2afS
2023-08-09,First Blood,1982,https://boxd.it/28U0
2023-08-09,Galaxy Quest,1999,https://boxd.it/29gq
2023-08-09,The Great Escape,1963,https://boxd.it/22kA
2023-08-09,The Guns of Navarone,1961,https://boxd.it/1V62
2023-08-09,The Killing,1956,https://boxd.it/2aMi
2023-08-09,Klute,1971,https://boxd.it/2ako
2023-08-09,The Last of the Mohicans,1992,https://boxd.it/1YSo
2023-08-09,Lone Star,1996,https://boxd.it/1tge
2023-08-10,Youth,2015,https://boxd.it/9Y7S
2023-08-10,Junior,2011,https://boxd.it/9PtA
2023-08-10,Mandy,2018,https://boxd.it/gtti
2023-08-10,The Governesses,,https://boxd.it/AdVq
2023-08-10,Minding the Gap,2018,https://boxd.it/hDNu
2023-08-10,The Last Samurai,2003,https://boxd.it/29ZA
2023-08-11,Waves,2019,https://boxd.it/jpmy
2023-08-11,Magical Mystery Tour,1967,https://boxd.it/1ets
2023-08-11,Let It Be,1970,https://boxd.it/1Dhw
2023-08-11,Help!,1965,https://boxd.it/1NiE
2023-08-11,Yellow Submarine,1968,https://boxd.it/1Sxa
2023-08-11,The Manchurian Candidate,1962,https://boxd.it/299Y
2023-08-11,Advise & Consent,1962,https://boxd.it/1J2M
2023-08-11,Seven Days in May,1964,https://boxd.it/1z7C
2023-08-11,The Spy Who Came In from the Cold,1965,https://boxd.it/1PQS
2023-08-11,Z,1969,https://boxd.it/26pY
2023-08-11,Three Days of the Condor,1975,https://boxd.it/1SF4
2023-08-11,The Confession,1970,https://boxd.it/f0k
2023-08-11,State of Siege,1972,https://boxd.it/3dao
2023-08-11,Missing,1982,https://boxd.it/1LTI
2023-08-11,The China Syndrome,1979,https://boxd.it/2990
2023-08-11,Salvador,1986,https://boxd.it/224i
2023-08-11,American Factory,2019,https://boxd.it/kJuY
2023-08-11,Knock Down the House,2019,https://boxd.it/kIss
2023-08-11,The Act of Killing,2012,https://boxd.it/44Cg
2023-08-11,Inside Job,2010,https://boxd.it/Rsw
2023-08-11,The Corporation,2003,https://boxd.it/1TSS
2023-08-11,The Fog of War,2003,https://boxd.it/1Row
2023-08-12,Merrily We Roll Along,,https://boxd.it/ndGO
2023-08-12,Summer 1993,2017,https://boxd.it/fAfK
2023-08-12,A Fantastic Woman,2017,https://boxd.it/fcGi
2023-08-12,The Meyerowitz Stories (New and Selected),2017,https://boxd.it/dSp0
2023-08-12,Kramer vs. Kramer,1979,https://boxd.it/h0w
2023-08-13,Pierrot le Fou,1965,https://boxd.it/26j2
2023-08-14,Monsieur Hulot's Holiday,1953,https://boxd.it/29E8
2023-08-14,It's a Gift,1934,https://boxd.it/1qtE
2023-08-15,The Vast of Night,2019,https://boxd.it/kJyc
2023-08-15,The Uprising,2026,https://boxd.it/AWo2
2023-08-15,The Human Condition III: A Soldier's Prayer,1961,https://boxd.it/1dIQ
2023-08-15,The Human Condition I: No Greater Love,1959,https://boxd.it/1jAy
2023-08-15,The Human Condition II: Road to Eternity,1959,https://boxd.it/1dJa
2023-08-15,The Beach Bum,2019,https://boxd.it/fH4O
2023-08-15,Riders of Justice,2020,https://boxd.it/oHQc
2023-08-15,Say Anything...,1989,https://boxd.it/27B2
2023-08-17,Police Story,1985,https://boxd.it/1Zhe
2023-08-17,The Fugitive,1993,https://boxd.it/230G
2023-08-17,A Scanner Darkly,2006,https://boxd.it/25jK
2023-08-17,Fury,2014,https://boxd.it/6JwC
2023-08-17,Fish Tank,2009,https://boxd.it/1xBg
2023-08-20,Bad Education,2019,https://boxd.it/jiME
2023-08-22,End of Watch,2012,https://boxd.it/2F5O
2023-08-22,Oslo,2021,https://boxd.it/kdwo
2023-08-22,Upgrade,2018,https://boxd.it/i4gW
2023-08-22,Thirteen,2003,https://boxd.it/1UPK
2023-08-23,A Ghost Story,2017,https://boxd.it/fb0K
2023-08-23,Climax,2018,https://boxd.it/ikvo
2023-08-23,Calvary,2014,https://boxd.it/4WE6
2023-08-24,Band of Brothers,2001,https://boxd.it/aRNY
2023-08-24,Hunger,2008,https://boxd.it/1Wso
2023-08-25,Blue Collar,1978,https://boxd.it/1Nhm
2023-08-25,Perfect Days,2023,https://boxd.it/ATh8
2023-08-25,Monster,2023,https://boxd.it/DJEM
2023-08-25,Handling the Undead,2024,https://boxd.it/CBvq
2023-08-25,Thelma,2017,https://boxd.it/e7Ce
2023-08-25,Reprise,2006,https://boxd.it/1Sji
2023-08-25,"Quo Vadis, Aida?",2020,https://boxd.it/riws
2023-08-26,Bacurau,2019,https://boxd.it/fSUG
2023-08-26,Day of the Fight,2023,https://boxd.it/Frii
2023-08-27,The Dark Knight,2008,https://boxd.it/2b0k
2023-08-27,Schindler's List,1993,https://boxd.it/2aq2
2023-08-27,Sound of Metal,2019,https://boxd.it/i7Q4
2023-08-27,About Time,2013,https://boxd.it/43bI
2023-08-27,The Fabelmans,2022,https://boxd.it/ugoM
2023-08-27,The Imitation Game,2014,https://boxd.it/6aig
2023-08-27,City of God,2002,https://boxd.it/2a2a
2023-08-27,Live and Let Die,1973,https://boxd.it/2aLk
2023-08-27,The Man with the Golden Gun,1974,https://boxd.it/29P6
2023-08-27,The Spy Who Loved Me,1977,https://boxd.it/29NY
2023-08-27,Moonraker,1979,https://boxd.it/29MQ
2023-08-27,For Your Eyes Only,1981,https://boxd.it/29MG
2023-08-27,Octopussy,1983,https://boxd.it/29Mw
2023-08-27,Never Say Never Again,1983,https://boxd.it/1a5w
2023-08-27,A View to a Kill,1985,https://boxd.it/29Lo
2023-08-27,The Living Daylights,1987,https://boxd.it/29Le
2023-08-27,Licence to Kill,1989,https://boxd.it/29L4
2023-08-27,GoldenEye,1995,https://boxd.it/29KU
2023-08-27,The World Is Not Enough,1999,https://boxd.it/1a94
2023-08-27,Die Another Day,2002,https://boxd.it/1a5G
2023-08-27,Spectre,2015,https://boxd.it/6bXY
2023-08-27,No Time to Die,2021,https://boxd.it/cPX2
2023-08-27,Dallas Buyers Club,2013,https://boxd.it/4O8G
2023-08-27,First Cow,2019,https://boxd.it/krga
2023-08-27,The Sympathizer,2024,https://boxd.it/G4lK
2023-08-27,Babygirl,2024,https://boxd.it/Fvai
2023-08-28,Crooklyn,1994,https://boxd.it/1efg
2023-08-28,Cabaret,1972,https://boxd.it/1Vpe
2023-08-28,Lenny,1974,https://boxd.it/1sym
2023-08-28,Terms of Endearment,1983,https://boxd.it/1ULo
2023-08-28,Love Is Strange,2014,https://boxd.it/7aRW
2023-08-29,Akira,1988,https://boxd.it/2b1i
2023-08-29,Masculin Féminin,1966,https://boxd.it/23UY
2023-09-04,Toll,2023,https://boxd.it/yQpO
2023-09-04,"It's a Mad, Mad, Mad, Mad World",1963,https://boxd.it/1TvO
2023-09-04,You've Got Mail,1998,https://boxd.it/1Yye
2023-09-04,The Story of Adèle H.,1975,https://boxd.it/284I
2023-09-04,Scrapper,2023,https://boxd.it/zht4
2023-09-05,Jules,2023,https://boxd.it/EzeQ
2023-09-06,Bodies Bodies Bodies,2022,https://boxd.it/iRcE
2023-09-06,Holland,2025,https://boxd.it/7Axy
2023-09-06,Safe,1995,https://boxd.it/1gKU
2023-09-06,Far from Heaven,2002,https://boxd.it/1VzS
2023-09-06,Frost/Nixon,2008,https://boxd.it/1TI4
2023-09-06,The Raid,2011,https://boxd.it/3hBy
2023-09-06,Dark City,1998,https://boxd.it/26uk
2023-09-06,Labyrinth,1986,https://boxd.it/1POC
2023-09-07,What Ever Happened to Baby Jane?,1962,https://boxd.it/1WJE
2023-09-07,Duel,1971,https://boxd.it/29ui
2023-09-08,Infernal Affairs,2002,https://boxd.it/1Vqw
2023-09-09,The Future,2011,https://boxd.it/tJS
2023-09-09,Madeline's Madeline,2018,https://boxd.it/gNmw
2023-09-09,Rotting in the Sun,2023,https://boxd.it/E37y
2023-09-09,The Aviator's Wife,1981,https://boxd.it/1srq
2023-09-09,The Green Ray,1986,https://boxd.it/t8W
2023-09-09,My Night at Maud's,1969,https://boxd.it/Hwo
2023-09-09,Regular Lovers,2005,https://boxd.it/QhM
2023-09-09,"Paris, 13th District",2021,https://boxd.it/s0Ky
2023-09-10,The Piano Teacher,2001,https://boxd.it/2886
2023-09-11,The Skeleton Twins,2014,https://boxd.it/7bCS
2023-09-11,Bacurau no Mapa,2019,https://boxd.it/pqpq
2023-09-12,We Are Who We Are,2020,https://boxd.it/n6GW
2023-09-12,Eduardo and Monica,2020,https://boxd.it/jHZe
2023-09-12,Lower City,2005,https://boxd.it/208M
2023-09-12,The Grey Zone,2001,https://boxd.it/1ME0
2023-09-13,True Grit,2010,https://boxd.it/Sog
2023-09-14,A Most Violent Year,2014,https://boxd.it/75Va
2023-09-14,The Art of Self-Defense,2019,https://boxd.it/hf5y
2023-09-16,Sophie's Choice,1982,https://boxd.it/1Lzy
2023-09-16,Spartacus,1960,https://boxd.it/29bq
2023-09-16,The Crow,1994,https://boxd.it/1Yxq
2023-09-16,Steel Magnolias,1989,https://boxd.it/1Vd8
2023-09-18,Source Code,2011,https://boxd.it/fdo
2023-09-19,Certified Copy,2010,https://boxd.it/IMW
2023-09-19,Rise of the Planet of the Apes,2011,https://boxd.it/cS4
2023-09-19,Dawn of the Planet of the Apes,2014,https://boxd.it/3XyQ
2023-09-19,War for the Planet of the Apes,2017,https://boxd.it/8FE2
2023-09-19,Kingdom of the Planet of the Apes,2024,https://boxd.it/ohEE
2023-09-19,On the Beach at Night Alone,2017,https://boxd.it/fqEK
2023-09-19,Sertânia,2020,https://boxd.it/lUhS
2023-09-19,Wolf Children,2012,https://boxd.it/3Ipk
2023-09-19,Creepy,2016,https://boxd.it/dfd0
2023-09-19,Transit,2018,https://boxd.it/gUK6
2023-09-19,Seventh Code,2013,https://boxd.it/7kC8
2023-09-19,Birds of Passage,2018,https://boxd.it/fyVu
2023-09-19,Claire's Camera,2017,https://boxd.it/fl4i
2023-09-19,The Turin Horse,2011,https://boxd.it/2Qsk
2023-09-19,Blind,2014,https://boxd.it/7dB8
2023-09-19,The Tale of The Princess Kaguya,2013,https://boxd.it/4JQI
2023-09-19,The Lost City of Z,2016,https://boxd.it/a7jS
2023-09-19,"Right Now, Wrong Then",2015,https://boxd.it/bWs4
2023-09-19,Under the Silver Lake,2018,https://boxd.it/dSAs
2023-09-19,Yella,2007,https://boxd.it/25SU
2023-09-19,The Gleaners and I,2000,https://boxd.it/S6c
2023-09-19,Fake Blonde,2007,https://boxd.it/5eHM
2023-09-19,Trouble Every Day,2001,https://boxd.it/115M
2023-09-19,Millennium Mambo,2001,https://boxd.it/1Tzw
2023-09-19,Jennifer's Body,2009,https://boxd.it/1Efw
2023-09-19,In Vanda's Room,2000,https://boxd.it/36r8
2023-09-20,Coherence,2013,https://boxd.it/6xza
2023-09-20,Predestination,2014,https://boxd.it/6bJM
2023-09-21,Walk Hard: The Dewey Cox Story,2007,https://boxd.it/21wK
2023-09-21,Wet Hot American Summer: First Day of Camp,2015,https://boxd.it/fX8W
2023-09-21,Wet Hot American Summer,2001,https://boxd.it/27hw
2023-09-22,Neon Genesis Evangelion: The End of Evangelion,1997,https://boxd.it/1GRM
2023-09-22,The Cranes Are Flying,1957,https://boxd.it/169Y
2023-09-22,Sansho the Bailiff,1954,https://boxd.it/1Dkq
2023-09-22,The Ascent,1977,https://boxd.it/Eew
2023-09-22,Love Exposure,2008,https://boxd.it/1pDe
2023-09-22,Three Colours: Red,1994,https://boxd.it/2b7q
2023-09-22,Three Colours: Blue,1993,https://boxd.it/2b7K
2023-09-22,Three Colours: White,1994,https://boxd.it/2b7A
2023-09-22,A Man Escaped,1956,https://boxd.it/1MzY
2023-09-22,I Am Cuba,1964,https://boxd.it/1hUQ
2023-09-22,M,1931,https://boxd.it/29vq
2023-09-22,Wild Strawberries,1957,https://boxd.it/29ZU
2023-09-22,Eternity and a Day,1998,https://boxd.it/1wSq
2023-09-22,Caged In,1997,https://boxd.it/7Vji
2023-09-23,Slow,2023,https://boxd.it/E31g
2023-09-23,To Die For,1995,https://boxd.it/2a5o
2023-09-25,The Passenger,1975,https://boxd.it/1Y8q
2023-09-25,The Muppets,2011,https://boxd.it/1zg
2023-09-25,The Muppet Movie,1979,https://boxd.it/1UrS
2023-09-25,The Great Muppet Caper,1981,https://boxd.it/1N9i
2023-09-25,The Muppets Take Manhattan,1984,https://boxd.it/1SP4
2023-09-25,The Muppet Christmas Carol,1992,https://boxd.it/1WgC
2023-09-25,Muppet Treasure Island,1996,https://boxd.it/1VaS
2023-09-25,Muppets from Space,1999,https://boxd.it/1WOO
2023-09-25,Muppets Most Wanted,2014,https://boxd.it/4Cti
2023-09-26,3 Women,1977,https://boxd.it/YPs
2023-09-26,Serendipity,2001,https://boxd.it/1XPy
2023-09-28,Resurrection,1980,https://boxd.it/3oLU
2023-09-28,Best in Show,2000,https://boxd.it/1Pqq
2023-09-30,Nights and Weekends,2008,https://boxd.it/J2A
2023-09-30,The Tourist,2010,https://boxd.it/17Hs
2023-10-02,Argylle,2024,https://boxd.it/w1kk
2023-10-03,Return to Seoul,2022,https://boxd.it/zXDg
2023-10-03,The Legend of Bagger Vance,2000,https://boxd.it/23zQ
2023-10-03,Never Let Me Go,2010,https://boxd.it/Xw0
2023-10-03,Satantango,1994,https://boxd.it/1j9M
2023-10-03,Late Spring,1949,https://boxd.it/1DkK
2023-10-03,Witness for the Prosecution,1957,https://boxd.it/18H4
2023-10-03,Army of Shadows,1969,https://boxd.it/1Mli
2023-10-03,Ordet,1955,https://boxd.it/Jiy
2023-10-03,Apur Sansar,1959,https://boxd.it/29l6
2023-10-03,Nobody Knows,2004,https://boxd.it/26E0
2023-10-03,Yojimbo,1961,https://boxd.it/1SRY
2023-10-03,Still Walking,2008,https://boxd.it/1wvm
2023-10-03,Landscape in the Mist,1988,https://boxd.it/JRy
2023-10-03,Shoplifters,2018,https://boxd.it/ifY6
2023-10-03,Red Beard,1965,https://boxd.it/251m
2023-10-03,The Sacrifice,1986,https://boxd.it/1xg8
2023-10-03,The Young Girls of Rochefort,1967,https://boxd.it/26K8
2023-10-03,Funeral Parade of Roses,1969,https://boxd.it/28Cg
2023-10-03,The Fifth Seal,1976,https://boxd.it/2GNW
2023-10-03,Raise the Red Lantern,1991,https://boxd.it/1WlC
2023-10-03,Das Boot,1981,https://boxd.it/2av2
2023-10-03,The Best of Youth,2003,https://boxd.it/1Tje
2023-10-03,Le Samouraï,1967,https://boxd.it/22ZI
2023-10-03,A Special Day,1977,https://boxd.it/Xqc
2023-10-03,La Notte,1961,https://boxd.it/10iU
2023-10-03,Children of Paradise,1945,https://boxd.it/26H4
2023-10-03,Eureka,2000,https://boxd.it/16TC
2023-10-03,Farewell My Concubine,1993,https://boxd.it/1UTM
2023-10-03,Rififi,1955,https://boxd.it/29f8
2023-10-03,Sweet Smell of Success,1957,https://boxd.it/29aW
2023-10-03,Opening Night,1977,https://boxd.it/1f4e
2023-10-03,Cure,1997,https://boxd.it/1blA
2023-10-03,Winter Light,1963,https://boxd.it/1nrU
2023-10-05,The Heartbreak Kid,1972,https://boxd.it/11aM
2023-10-07,The World at War,1973,https://boxd.it/qAG4
2023-10-07,Charley Varrick,1973,https://boxd.it/1s2q
2023-10-07,The Mechanic,1972,https://boxd.it/1F9u
2023-10-07,Get Carter,1971,https://boxd.it/28HU
2023-10-08,The Boy and the Heron,2023,https://boxd.it/ipeM
2023-10-08,"Hello, Dolly!",1969,https://boxd.it/1OTG
2023-10-11,Sick of Myself,2022,https://boxd.it/tEzs
2023-10-11,DRIB,2017,https://boxd.it/eFGY
2023-10-11,Bird,2024,https://boxd.it/GGhm
2023-10-15,One from the Heart,1982,https://boxd.it/ZJq
2023-10-16,The Night of the Hunter,1955,https://boxd.it/25HW
2023-10-17,Riceboy Sleeps,2022,https://boxd.it/C68A
2023-10-17,Basic Instinct,1992,https://boxd.it/2asM
2023-10-18,The Man Who Shot Liberty Valance,1962,https://boxd.it/1Tdg
2023-10-18,Johnny Guitar,1954,https://boxd.it/1tyW
2023-10-19,Funeral in Berlin,1966,https://boxd.it/1dVK
2023-10-19,An Affair to Remember,1957,https://boxd.it/20is
2023-10-19,Big Trouble in Little China,1986,https://boxd.it/21em
2023-10-20,Larry Crowne,2011,https://boxd.it/hqa
2023-10-23,The Death & Life of John F. Donovan,2018,https://boxd.it/99Iy
2023-10-24,3 Godfathers,1948,https://boxd.it/1nTO
2023-10-24,Angels with Dirty Faces,1938,https://boxd.it/1PBI
2023-10-27,The Piano,1993,https://boxd.it/29Kq
2023-10-27,Wild River,1960,https://boxd.it/2SSu
2023-10-27,The Heiress,1949,https://boxd.it/1pi6
2023-10-27,Red River,1948,https://boxd.it/25Lu
2023-10-27,Blood on the Moon,1948,https://boxd.it/1mfe
2023-10-27,The Life and Death of Colonel Blimp,1943,https://boxd.it/1wwk
2023-10-29,Crystal Fairy & the Magical Cactus,2013,https://boxd.it/4VTa
2023-11-01,Eraserhead,1977,https://boxd.it/299u
2023-11-01,Happy Together,1997,https://boxd.it/1Ha0
2023-11-01,Pi,1998,https://boxd.it/2ajq
2023-11-01,Miller's Crossing,1990,https://boxd.it/2avG
2023-11-01,The Discreet Charm of the Bourgeoisie,1972,https://boxd.it/2440
2023-11-01,Orpheus,1950,https://boxd.it/247o
2023-11-01,The Passion of Anna,1969,https://boxd.it/Wus
2023-11-01,Bring Me the Head of Alfredo Garcia,1974,https://boxd.it/1SIs
2023-11-01,Scarface,1932,https://boxd.it/29oa
2023-11-01,El Topo,1970,https://boxd.it/1QYS
2023-11-01,The Holy Mountain,1973,https://boxd.it/20mu
2023-11-01,Fitzcarraldo,1982,https://boxd.it/1YV8
2023-11-01,Woyzeck,1979,https://boxd.it/1Wyc
2023-11-01,Devil in a Blue Dress,1995,https://boxd.it/204A
2023-11-01,Sonatine,1993,https://boxd.it/20TI
2023-11-01,The Inauguration of the Pleasure Dome,1954,https://boxd.it/UJU
2023-11-01,Scorpio Rising,1963,https://boxd.it/Mks
2023-11-01,The Friends of Eddie Coyle,1973,https://boxd.it/1vki
2023-11-01,On the Waterfront,1954,https://boxd.it/29TC
2023-11-04,East of Eden,1955,https://boxd.it/2aQE
2023-11-04,Last Year at Marienbad,1961,https://boxd.it/24Qe
2023-11-04,Lola Montès,1955,https://boxd.it/1bzi
2023-11-04,The Round-Up,1966,https://boxd.it/3idC
2023-11-04,Some Came Running,1958,https://boxd.it/15lO
2023-11-04,Zulu,1964,https://boxd.it/1O6Y
2023-11-05,George Harrison: Living in the Material World,2011,https://boxd.it/RWdM
2023-11-08,A Little Life,2023,https://boxd.it/H1bu
2023-11-08,The Abyss,1989,https://boxd.it/26mK
2023-11-12,The Instigators,2024,https://boxd.it/E4jA
2023-11-13,Miami Vice,2006,https://boxd.it/2bbW
2023-11-15,"São Paulo, Incorporated",1965,https://boxd.it/2BaA
2023-11-15,L'Avventura,1960,https://boxd.it/23hs
2023-11-15,Twenty Years Later,1984,https://boxd.it/33Oo
2023-11-15,Rough Gang,1933,https://boxd.it/5Hwo
2023-11-15,Poetry,2010,https://boxd.it/JAs
2023-11-18,"Dr. Mabuse, the Gambler",1922,https://boxd.it/22dE
2023-11-18,Napoleon,1927,https://boxd.it/WEC
2023-11-18,Grand Illusion,1937,https://boxd.it/29Ei
2023-11-18,The Rules of the Game,1939,https://boxd.it/29Es
2023-11-18,Paisan,1946,https://boxd.it/20ay
2023-11-18,La Terra Trema,1948,https://boxd.it/UsE
2023-11-18,Umberto D.,1952,https://boxd.it/29vg
2023-11-18,Beauty and the Beast,1946,https://boxd.it/29UA
2023-11-18,Big Deal on Madonna Street,1958,https://boxd.it/1xLq
2023-11-18,Rocco and His Brothers,1960,https://boxd.it/20bG
2023-11-18,Shoot the Piano Player,1960,https://boxd.it/285w
2023-11-18,Il Sorpasso,1962,https://boxd.it/1y7Q
2023-11-18,Before the Revolution,1964,https://boxd.it/W1K
2023-11-18,The Butcher,1970,https://boxd.it/266C
2023-11-18,Weekend,1967,https://boxd.it/20Ac
2023-11-18,Death by Hanging,1968,https://boxd.it/3nPm
2023-11-18,The Merchant of Four Seasons,1972,https://boxd.it/1WzO
2023-11-18,Ali: Fear Eats the Soul,1974,https://boxd.it/2aRi
2023-11-18,The Marriage of Maria Braun,1979,https://boxd.it/29Su
2023-11-18,Kings of the Road,1976,https://boxd.it/1Vhk
2023-11-18,The American Friend,1977,https://boxd.it/1UkC
2023-11-18,The Enigma of Kaspar Hauser,1974,https://boxd.it/1Tba
2023-11-21,Victoria,2015,https://boxd.it/amSe
2023-11-22,Memory,2023,https://boxd.it/AZ9O
2023-11-23,Molly's Game,2017,https://boxd.it/dSl8
2023-11-23,The Dead Don't Die,2019,https://boxd.it/juZg
2023-11-30,Robot Dreams,2023,https://boxd.it/vBZm
2023-11-30,F for Fake,1973,https://boxd.it/VxA
2023-11-30,Blow-Up,1966,https://boxd.it/2966
2023-12-01,The Party,1980,https://boxd.it/2aYy
2023-12-01,Little Fish,2020,https://boxd.it/lAFK
2023-12-02,Paris Is Burning,1990,https://boxd.it/1jzg
2023-12-03,Polytechnique,2009,https://boxd.it/1AMG
2023-12-03,Next Floor,2008,https://boxd.it/3psY
2023-12-03,Maelström,2000,https://boxd.it/1caI
2023-12-03,August 32nd on Earth,1998,https://boxd.it/hY2
2023-12-03,Cosmos,1996,https://boxd.it/46xC
2023-12-03,REW-FFWD,1994,https://boxd.it/72lI
2023-12-03,Chicken Run,2000,https://boxd.it/20Xg
2023-12-03,Rat Race,2001,https://boxd.it/1XAo
2023-12-03,Robots,2005,https://boxd.it/1Xve
2023-12-03,Sky High,2005,https://boxd.it/1TNI
2023-12-03,The Chronicles of Narnia: Prince Caspian,2008,https://boxd.it/26Hy
2023-12-03,The Chronicles of Narnia: The Voyage of the Dawn Treader,2010,https://boxd.it/1WZs
2023-12-03,Cloudy with a Chance of Meatballs 2,2013,https://boxd.it/3GMw
2023-12-03,Cloudy with a Chance of Meatballs,2009,https://boxd.it/1A40
2023-12-03,"The Chronicles of Narnia: The Lion, the Witch and the Wardrobe",2005,https://boxd.it/2ark
2023-12-04,Malcolm & Marie,2021,https://boxd.it/r5cO
2023-12-05,On the Count of Three,2021,https://boxd.it/tbfI
2023-12-05,Meet Joe Black,1998,https://boxd.it/2aEI
2023-12-06,Nerdy Prudes Must Die,2023,https://boxd.it/trD2
2023-12-06,Commanding Heights: The Battle for the World Economy,2002,https://boxd.it/2eO8
2023-12-06,Maggie's Plan,2015,https://boxd.it/a3v6
2023-12-07,Judgment at Nuremberg,1961,https://boxd.it/29xc
2023-12-07,Stand by Me,1986,https://boxd.it/2aOe
2023-12-11,Godzilla Minus One,2023,https://boxd.it/zu4c
2023-12-12,Blade Runner: Black Out 2022,2017,https://boxd.it/h5sM
2023-12-12,Blade Runner: Black Lotus,2021,https://boxd.it/zjmY
2023-12-12,Soldier,1998,https://boxd.it/1YIo
2023-12-12,2036: Nexus Dawn,2017,https://boxd.it/gXZo
2023-12-12,2048: Nowhere to Run,2017,https://boxd.it/h4uC
2023-12-13,A Summer's Tale,1996,https://boxd.it/183e
2023-12-13,A Tale of Springtime,1990,https://boxd.it/1pZ0
2023-12-13,A Tale of Winter,1992,https://boxd.it/1WJO
2023-12-13,A Tale of Autumn,1998,https://boxd.it/1WJY
2023-12-14,Trash,2014,https://boxd.it/6bR2
2023-12-15,Gentlemen Prefer Blondes,1953,https://boxd.it/29Hc
2023-12-15,Unbreakable,2000,https://boxd.it/1XV2
2023-12-15,The Purple Rose of Cairo,1985,https://boxd.it/1VeU
2023-12-16,Sideways,2004,https://boxd.it/1Y5c
2023-12-16,Nebraska,2013,https://boxd.it/4exq
2023-12-16,Citizen Ruth,1996,https://boxd.it/1Pco
2023-12-17,Eden,2024,https://boxd.it/Dt52
2023-12-17,Top Secret!,1984,https://boxd.it/1ZSE
2023-12-17,Pixote,1980,https://boxd.it/XCs
2023-12-18,TRON: Ares,2025,https://boxd.it/jqdM
2023-12-18,Love Story,1970,https://boxd.it/1Zgg
2023-12-19,Shooting Dogs,2005,https://boxd.it/201G
2023-12-19,Reds,1981,https://boxd.it/1Hhq
2023-12-19,The Killing Fields,1984,https://boxd.it/29Yi
2023-12-19,Land and Freedom,1995,https://boxd.it/14Xi
2023-12-19,Michael Collins,1996,https://boxd.it/28ba
2023-12-19,No Man's Land,2001,https://boxd.it/20kI
2023-12-19,Bloody Sunday,2002,https://boxd.it/24NE
2023-12-19,The Interpreter,2005,https://boxd.it/2aWs
2023-12-19,Gulaal,2009,https://boxd.it/1BAw
2023-12-19,The Baader Meinhof Complex,2008,https://boxd.it/21fY
2023-12-19,Waltz with Bashir,2008,https://boxd.it/1ZFA
2023-12-19,The War Room,1993,https://boxd.it/1tWa
2023-12-19,The Little Drummer Girl,2018,https://boxd.it/kkCS
2023-12-19,Breaker Morant,1980,https://boxd.it/1PqK
2023-12-19,The Lion in Winter,1968,https://boxd.it/1FVe
2023-12-19,Man of Marble,1977,https://boxd.it/2aQ0
2023-12-19,The Whistleblower,2010,https://boxd.it/2Oc
2023-12-19,Beirut,2018,https://boxd.it/dZyo
2023-12-19,Cléo from 5 to 7,1962,https://boxd.it/2agm
2023-12-19,Daisies,1966,https://boxd.it/LZk
2023-12-19,Vivre Sa Vie,1962,https://boxd.it/28s6
2023-12-19,La Jetée,1962,https://boxd.it/29Sk
2023-12-19,Cries and Whispers,1972,https://boxd.it/1WK8
2023-12-19,Alphaville,1965,https://boxd.it/20AG
2023-12-19,The Virgin Spring,1960,https://boxd.it/1TjI
2023-12-19,Black Panthers,1968,https://boxd.it/4BCe
2023-12-19,Four Adventures of Reinette and Mirabelle,1987,https://boxd.it/18QA
2023-12-19,Barren Lives,1963,https://boxd.it/29uM
2023-12-19,The Priest and the Girl,1966,https://boxd.it/3WXK
2023-12-19,Love at Sea,1965,https://boxd.it/9ji6
2023-12-19,Kajillionaire,2020,https://boxd.it/jJDY
2023-12-21,Forgetting Sarah Marshall,2008,https://boxd.it/1XEq
2023-12-22,Society of the Snow,2023,https://boxd.it/y9aw
2023-12-23,The Story Of Our Time: The Making Of Oppenheimer,2023,https://boxd.it/JNGa
2023-12-23,21 Up,1977,https://boxd.it/1DhG
2023-12-23,Life of Brian,1979,https://boxd.it/2a4q
2023-12-23,Mississippi Masala,1991,https://boxd.it/Ywg
2023-12-24,Rose Island,2020,https://boxd.it/nBlq
2023-12-26,Witness,1985,https://boxd.it/1Z4O
2023-12-26,Official Secrets,2019,https://boxd.it/dLxm
2023-12-27,Marie Antoinette,2006,https://boxd.it/27Wa
2023-12-27,Last Night in Soho,2021,https://boxd.it/lbJC
2023-12-27,The World's End,2013,https://boxd.it/3EiO
2023-12-28,Nosferatu,2024,https://boxd.it/f5eG
2023-12-29,Oasis: Definitely Maybe,2004,https://boxd.it/2zbQ
2023-12-30,Le Silence de la mer,1949,https://boxd.it/11g6
2023-12-30,The Mission,1986,https://boxd.it/1TTw
2024-01-01,Oasis: MTV Unplugged,1996,https://boxd.it/11vU
2024-01-01,The First Slam Dunk,2022,https://boxd.it/tt94
2024-01-02,Bernie,2011,https://boxd.it/3eWe
2024-01-03,The Lady Vanishes,1938,https://boxd.it/29ea
2024-01-04,Beyond the Infinite Two Minutes,2020,https://boxd.it/ujVk
2024-01-05,Shock Corridor,1963,https://boxd.it/1vGI
2024-01-05,Queen Christina,1933,https://boxd.it/1iTY
2024-01-05,Band of Outsiders,1964,https://boxd.it/20Aw
2024-01-06,The Party 2,1982,https://boxd.it/2aXK
2024-01-07,Three Identical Strangers,2018,https://boxd.it/hDNO
2024-01-08,American Animals,2018,https://boxd.it/hE4K
2024-01-08,Heat 2,,https://boxd.it/DErS
2024-01-08,Manhunter,1986,https://boxd.it/1TOw
2024-01-08,Public Enemies,2009,https://boxd.it/1U8m
2024-01-08,Blackhat,2015,https://boxd.it/62Te
2024-01-08,Ali,2001,https://boxd.it/205e
2024-01-08,The Keep,1983,https://boxd.it/1umW
2024-01-08,Love Me If You Dare,2003,https://boxd.it/20bm
2024-01-08,Rust and Bone,2012,https://boxd.it/3mDE
2024-01-08,Blame It on Fidel!,2006,https://boxd.it/1IE6
2024-01-08,La Vie en Rose,2007,https://boxd.it/28OQ
2024-01-08,The Class,2008,https://boxd.it/1ZMc
2024-01-08,The Beautiful Person,2008,https://boxd.it/152W
2024-01-08,Mood Indigo,2013,https://boxd.it/4WFy
2024-01-08,"Two Days, One Night",2014,https://boxd.it/6A58
2024-01-08,Samba,2014,https://boxd.it/84xI
2024-01-08,The Jericho Mile,1979,https://boxd.it/msU
2024-01-08,L.A. Takedown,1989,https://boxd.it/1uKu
2024-01-09,Fly Me to the Moon,2024,https://boxd.it/A7Xg
2024-01-09,The Kitchen,2023,https://boxd.it/A6z8
2024-01-09,Evil Does Not Exist,2023,https://boxd.it/HJrc
2024-01-09,How to Have Sex,2023,https://boxd.it/EFIM
2024-01-10,ME,2024,https://boxd.it/KqGe
2024-01-11,No,2012,https://boxd.it/3Ie2
2024-01-11,Spencer,2021,https://boxd.it/qPMG
2024-01-11,El Conde,2023,https://boxd.it/Bt4O
2024-01-11,Sans Soleil,1983,https://boxd.it/28B8
2024-01-12,Wanda,1970,https://boxd.it/2OjK
2024-01-12,Frankenstein,2025,https://boxd.it/Ecsg
2024-01-12,The Rocky Horror Picture Show,1975,https://boxd.it/1a3q
2024-01-12,The Sweet East,2023,https://boxd.it/CcHw
2024-01-13,Two Lovers,2008,https://boxd.it/1Ws4
2024-01-14,Bad Lieutenant,1992,https://boxd.it/1Src
2024-01-14,A Panoramic Canvas Called Babylon,2023,https://boxd.it/Ghiu
2024-01-14,Bus 174,2002,https://boxd.it/209q
2024-01-14,The Mask,1994,https://boxd.it/29rS
2024-01-14,The Road to El Dorado,2000,https://boxd.it/1W6s
2024-01-14,Spy Kids 2: The Island of Lost Dreams,2002,https://boxd.it/1Yyo
2024-01-14,Amores Perros,2000,https://boxd.it/2bfu
2024-01-14,Beauty and the Beast,1991,https://boxd.it/1XhG
2024-01-20,A Better Tomorrow,1986,https://boxd.it/1TLW
2024-01-20,The Weeping Meadow,2004,https://boxd.it/177k
2024-01-20,Underground,1995,https://boxd.it/1SOA
2024-01-20,Sorcerer,1977,https://boxd.it/14J6
2024-01-20,"Life, and Nothing More…",1992,https://boxd.it/2WEc
2024-01-20,Secrets & Lies,1996,https://boxd.it/1UuC
2024-01-20,Samurai Rebellion,1967,https://boxd.it/2loc
2024-01-20,Ritual,2000,https://boxd.it/14z6
2024-01-20,Make Way for Tomorrow,1937,https://boxd.it/10hC
2024-01-20,"4 Months, 3 Weeks and 2 Days",2007,https://boxd.it/27DW
2024-01-20,Dersu Uzala,1975,https://boxd.it/1XRO
2024-01-20,An Autumn Afternoon,1962,https://boxd.it/CUU
2024-01-20,The Face of Another,1966,https://boxd.it/1nso
2024-01-20,Aparajito,1956,https://boxd.it/29kW
2024-01-20,Happy Hour,2015,https://boxd.it/bXge
2024-01-20,Au Hasard Balthazar,1966,https://boxd.it/1E3g
2024-01-21,The Memory Police,,https://boxd.it/scb6
2024-01-21,Maria,2024,https://boxd.it/Dh4c
2024-01-21,Sing Sing,2023,https://boxd.it/HIBA
2024-01-21,Horizon: An American Saga – Chapter 1,2024,https://boxd.it/z7yy
2024-01-21,Horizon: An American Saga – Chapter 2,2024,https://boxd.it/GnFu
2024-01-21,Queer,2024,https://boxd.it/E4RW
2024-01-22,Charlie Bartlett,2007,https://boxd.it/1ZY8
2024-01-22,"McFarland, USA",2015,https://boxd.it/6JCq
2024-01-22,True Stories,1986,https://boxd.it/1wXU
2024-01-22,Man on the Moon,1999,https://boxd.it/281k
2024-01-22,Knight of Cups,2015,https://boxd.it/34Qq
2024-01-22,Dìdi (弟弟),2024,https://boxd.it/HQOW
2024-01-23,Old Guy,2024,https://boxd.it/ELvE
2024-01-23,The Damned United,2009,https://boxd.it/1ByU
2024-01-23,Night and Fog,1956,https://boxd.it/29A6
2024-01-23,Frankenstein,1931,https://boxd.it/25Te
2024-01-24,NYAD,2023,https://boxd.it/xOSM
2024-01-24,Golda,2023,https://boxd.it/xZbE
2024-01-24,Flamin' Hot,2023,https://boxd.it/nbEc
2024-01-24,The Teachers' Lounge,2023,https://boxd.it/BINY
2024-01-24,Io Capitano,2023,https://boxd.it/zmrM
2024-01-24,Nimona,2023,https://boxd.it/Aiyc
2024-01-24,Death of a Unicorn,2025,https://boxd.it/HCPm
2024-01-24,Untitled Lulu Wang Project,,https://boxd.it/zk3o
2024-01-24,The Producers,1967,https://boxd.it/1lMm
2024-01-24,Red Rooms,2023,https://boxd.it/ym4c
2024-01-25,War Game,2024,https://boxd.it/J0OE
2024-01-26,Suck,2009,https://boxd.it/SYS
2024-01-26,Metal Lords,2022,https://boxd.it/rLTA
2024-01-27,Portrait of a Certain Orient,2024,https://boxd.it/KhW8
2024-01-27,Beau Travail,1999,https://boxd.it/1NI8
2024-01-27,Raising Arizona,1987,https://boxd.it/2avQ
2024-01-27,La Strada,1954,https://boxd.it/2asi
2024-01-27,The Vietnam War,2017,https://boxd.it/h75q
2024-01-28,David Holmes: The Boy Who Lived,2023,https://boxd.it/JaRI
2024-01-29,WHAT DID JACK DO?,2017,https://boxd.it/jcWe
2024-01-29,The Red Balloon,1956,https://boxd.it/1Mxo
2024-02-04,World of Glory,1991,https://boxd.it/Sss
2024-02-04,Mary Poppins,1964,https://boxd.it/2aoA
2024-02-04,How to Marry a Millionaire,1953,https://boxd.it/1WBq
2024-02-04,The Talk of the Town,1942,https://boxd.it/1zzG
2024-02-04,How to Steal a Million,1966,https://boxd.it/25Yo
2024-02-04,Barefoot in the Park,1967,https://boxd.it/1HVg
2024-02-04,I Married a Witch,1942,https://boxd.it/1uJG
2024-02-04,To Catch a Thief,1955,https://boxd.it/2avm
2024-02-04,Meet Me in St. Louis,1944,https://boxd.it/29j0
2024-02-04,A Woman's Face,1941,https://boxd.it/1rni
2024-02-04,A Star Is Born,1954,https://boxd.it/25I6
2024-02-04,Gaslight,1944,https://boxd.it/1PYs
2024-02-04,Adam's Rib,1949,https://boxd.it/1vQy
2024-02-04,Dark Passage,1947,https://boxd.it/1Ky0
2024-02-04,The Birds,1963,https://boxd.it/2a6m
2024-02-04,Sabrina,1954,https://boxd.it/21tc
2024-02-04,Funny Face,1957,https://boxd.it/1Qpy
2024-02-04,Love in the Afternoon,1957,https://boxd.it/1HcK
2024-02-04,Monkey Business,1952,https://boxd.it/1yvy
2024-02-04,Cat on a Hot Tin Roof,1958,https://boxd.it/2aK2
2024-02-04,My Fair Lady,1964,https://boxd.it/1UBI
2024-02-06,The Right Stuff,1983,https://boxd.it/1YoS
2024-02-07,The Beaches of Agnès,2008,https://boxd.it/14Y6
2024-02-07,My Life as a Zucchini,2016,https://boxd.it/dL2y
2024-02-08,Certain Women,2016,https://boxd.it/bk7W
2024-02-08,Clouds of Sils Maria,2014,https://boxd.it/7f62
2024-02-08,"I Travel Because I Have to, I Come Back Because I Love You",2009,https://boxd.it/369y
2024-02-10,Crimes of the Future,2022,https://boxd.it/uTuY
2024-02-11,Waking Life,2001,https://boxd.it/1Zdc
2024-02-11,Tape,2001,https://boxd.it/1yCu
2024-02-11,ZeroZeroZero,2020,https://boxd.it/pLDe
2024-02-11,Miracle in Milan,1951,https://boxd.it/UD8
2024-02-13,All About My Mother,1999,https://boxd.it/2b9c
2024-02-13,The Witch,2015,https://boxd.it/9X0m
2024-02-13,The Goonies,1985,https://boxd.it/1YVC
2024-02-13,Suspiria,2018,https://boxd.it/cioI
2024-02-13,The Bourne Identity,2002,https://boxd.it/26EO
2024-02-13,The Bourne Supremacy,2004,https://boxd.it/26EE
2024-02-13,The Bourne Ultimatum,2007,https://boxd.it/26Eu
2024-02-13,Amarcord,1973,https://boxd.it/20NA
2024-02-13,"What's Up, Doc?",1972,https://boxd.it/21iy
2024-02-14,Inland Empire,2006,https://boxd.it/28d6
2024-02-15,Sleepers,1996,https://boxd.it/29xw
2024-02-16,The Great Buster: A Celebration,2018,https://boxd.it/jEsQ
2024-02-16,Limelight,1952,https://boxd.it/1osa
2024-02-16,"Steamboat Bill, Jr.",1928,https://boxd.it/1v9u
2024-02-16,The Navigator,1924,https://boxd.it/1hh0
2024-02-16,Go West,1925,https://boxd.it/1ggA
2024-02-16,Marathon Man,1976,https://boxd.it/1W4c
2024-02-16,"The Cook, the Thief, His Wife & Her Lover",1989,https://boxd.it/20VO
2024-02-16,Tower Stories,,https://boxd.it/nzTg
2024-02-16,Twister,1996,https://boxd.it/29S0
2024-02-16,Strawweight,,https://boxd.it/Lkl2
2024-02-16,Small Things Like These,2024,https://boxd.it/FHIm
2024-02-16,Shoah,1985,https://boxd.it/XSK
2024-02-16,The Curse,2023,https://boxd.it/IWYq
2024-02-16,"As I Was Moving Ahead, Occasionally I Saw Brief Glimpses of Beauty",2000,https://boxd.it/4gcu
2024-02-16,Baseball,1994,https://boxd.it/49uc
2024-02-17,11.22.63,2016,https://boxd.it/bFV4
2024-02-17,Fracture,2007,https://boxd.it/220K
2024-02-17,Kubo and the Two Strings,2016,https://boxd.it/a4wE
2024-02-17,Machete,2010,https://boxd.it/1yXW
2024-02-17,Machete Kills,2013,https://boxd.it/3BQI
2024-02-18,Christmas Eve in Miller's Point,2024,https://boxd.it/ECbK
2024-02-18,Fish Out of Water,2023,https://boxd.it/GhUS
2024-02-18,The Beguiled,2017,https://boxd.it/dZ1k
2024-02-18,The Current War,2017,https://boxd.it/eNvO
2024-02-18,Boy A,2007,https://boxd.it/1NsY
2024-02-18,The Promised Land,2023,https://boxd.it/B1hA
2024-02-18,Lisa Frankenstein,2024,https://boxd.it/ByjY
2024-02-18,The American Society of Magical Negroes,2024,https://boxd.it/DlwY
2024-02-18,Janet Planet,2023,https://boxd.it/DdWu
2024-02-18,Troy,2004,https://boxd.it/29TW
2024-02-19,Corpse Bride,2005,https://boxd.it/24WQ
2024-02-19,Brawl in Cell Block 99,2017,https://boxd.it/dWOo
2024-02-19,Spring Breakers,2012,https://boxd.it/421s
2024-02-19,Who Framed Roger Rabbit,1988,https://boxd.it/29ry
2024-02-19,The Incident,1967,https://boxd.it/25w
2024-02-19,Selma,2014,https://boxd.it/8jak
2024-02-19,One Hundred and One Nights,1995,https://boxd.it/3iuI
2024-02-19,The Little Girl Who Lives Down the Lane,1976,https://boxd.it/1Ehs
2024-02-19,Fur: An Imaginary Portrait of Diane Arbus,2006,https://boxd.it/1GC8
2024-02-19,Before Night Falls,2000,https://boxd.it/23to
2024-02-19,Flight,2012,https://boxd.it/35Ca
2024-02-19,Sexy Beast,2000,https://boxd.it/1SZS
2024-02-19,Birth,2004,https://boxd.it/1VvQ
2024-02-19,Stoker,2013,https://boxd.it/34S2
2024-02-19,A Simple Favor,2018,https://boxd.it/hq92
2024-02-20,Sweat,2020,https://boxd.it/qEtI
2024-02-20,It's Only the End of the World,2016,https://boxd.it/be0K
2024-02-20,Antoine and Colette,1962,https://boxd.it/2aKQ
2024-02-20,The Party,2017,https://boxd.it/eEVS
2024-02-22,Black Orpheus,1959,https://boxd.it/11PU
2024-02-22,Fallen Leaves,2023,https://boxd.it/Bgew
2024-02-22,The Souvenir,2019,https://boxd.it/gXU4
2024-02-22,The Souvenir: Part II,2021,https://boxd.it/gXTK
2024-02-22,The Eternal Daughter,2022,https://boxd.it/tJnG
2024-02-23,The Trip,2010,https://boxd.it/6Bc
2024-02-23,Here Comes the Night Time,2013,https://boxd.it/sgZa
2024-02-23,American Ultra,2015,https://boxd.it/7KXc
2024-02-23,The Semplica Girl Diaries,,https://boxd.it/EA2w
2024-02-25,Light Sleeper,1992,https://boxd.it/1aKa
2024-02-25,The Fall,2019,https://boxd.it/nRTy
2024-02-25,Strasbourg 1518,2020,https://boxd.it/r53M
2024-02-26,The Beatles: John,2028,https://boxd.it/LpQY
2024-02-26,The Beatles: Paul,2028,https://boxd.it/LpR8
2024-02-26,The Beatles: Ringo,2028,https://boxd.it/LpRs
2024-02-26,The Beatles: George,2028,https://boxd.it/LpRi
2024-02-26,"Like Father, Like Son",2013,https://boxd.it/5rQs
2024-02-26,Laurence Anyways,2012,https://boxd.it/3HQu
2024-02-26,Phoenix,2014,https://boxd.it/7u46
2024-02-26,Mystery Train,1989,https://boxd.it/1Ub6
2024-02-28,Battle in Seattle,2007,https://boxd.it/1QEI
2024-02-28,13th,2016,https://boxd.it/elNg
2024-02-28,Persepolis,2007,https://boxd.it/27DC
2024-02-28,The Grapes of Wrath,1940,https://boxd.it/2a2u
2024-02-28,John Adams,2008,https://boxd.it/3VKK
2024-02-28,The Wind That Shakes the Barley,2006,https://boxd.it/293Q
2024-02-28,Young Mr. Lincoln,1939,https://boxd.it/Tsy
2024-02-28,Why We Fight,2005,https://boxd.it/1OnA
2024-02-28,Zero Dark Thirty,2012,https://boxd.it/3n1w
2024-02-28,The Mauritanian,2021,https://boxd.it/nWiM
2024-02-28,House of Sand and Fog,2003,https://boxd.it/1UEM
2024-02-28,The Contender,2000,https://boxd.it/21zO
2024-02-28,Vice,2018,https://boxd.it/fcFY
2024-02-28,Trumbo,2015,https://boxd.it/9gG0
2024-02-28,Private Life,2018,https://boxd.it/gn9Q
2024-02-28,American Splendor,2003,https://boxd.it/26kE
2024-02-28,Cinderella Man,2005,https://boxd.it/29he
2024-02-28,The Amazing Screw-On Head,2006,https://boxd.it/6m5e
2024-02-28,April and the Extraordinary World,2015,https://boxd.it/bjXi
2024-02-28,Fences,2016,https://boxd.it/dL6A
2024-02-28,Learning to Skateboard in a Warzone (If You're a Girl),2019,https://boxd.it/mCkc
2024-02-28,Osama,2003,https://boxd.it/1NrG
2024-02-28,Ulysses' Gaze,1995,https://boxd.it/1ApC
2024-02-28,Hive,2021,https://boxd.it/tbiM
2024-02-28,Mariner of the Mountains,2021,https://boxd.it/oF46
2024-02-28,Nefta Football Club,2018,https://boxd.it/lngs
2024-02-28,Watchmen,2009,https://boxd.it/1QE4
2024-02-28,The Straight Story,1999,https://boxd.it/2ass
2024-02-29,Watchmen,2019,https://boxd.it/ol5e
2024-02-29,Boys State,2020,https://boxd.it/oiNW
2024-02-29,Girls State,2024,https://boxd.it/BgaE
2024-02-29,Smiley Face,2007,https://boxd.it/1QG0
2024-02-29,News from Home,1976,https://boxd.it/34TO
2024-02-29,Naked Childhood,1968,https://boxd.it/1jj8
2024-02-29,Greener Grass,2019,https://boxd.it/jYoY
2024-02-29,Black Girl,1966,https://boxd.it/3jIQ
2024-02-29,Faces,1968,https://boxd.it/29Ia
2024-02-29,Crumb,1994,https://boxd.it/1tDi
2024-02-29,Lola,1961,https://boxd.it/11ho
2024-02-29,The Hot Rock,1972,https://boxd.it/O2U
2024-02-29,A Mighty Wind,2003,https://boxd.it/1Qke
2024-02-29,Four Lions,2010,https://boxd.it/18do
2024-02-29,California Split,1974,https://boxd.it/1hRs
2024-02-29,Waiting for Guffman,1996,https://boxd.it/1K4E
2024-02-29,The Daytrippers,1996,https://boxd.it/F9i
2024-02-29,Josie and the Pussycats,2001,https://boxd.it/1Fdm
2024-02-29,Serial Mom,1994,https://boxd.it/1Tty
2024-02-29,Bad Trip,2021,https://boxd.it/lgRG
2024-02-29,McCabe & Mrs. Miller,1971,https://boxd.it/1ooC
2024-02-29,Pulse,2001,https://boxd.it/1s3y
2024-03-01,Friendly Beast,2017,https://boxd.it/gvzC
2024-03-01,Run Lola Run,1998,https://boxd.it/2b8o
2024-03-01,Untitled Matthew Vaughn Musical,,https://boxd.it/KXqy
2024-03-01,Overlord,2018,https://boxd.it/fAwm
2024-03-02,Armageddon Time,2022,https://boxd.it/mLRk
2024-03-02,The Immigrant,2013,https://boxd.it/4O2e
2024-03-02,We Own the Night,2007,https://boxd.it/27F4
2024-03-02,BLUE EYE SAMURAI,2023,https://boxd.it/JH9k
2024-03-02,Tear Along the Dotted Line,2021,https://boxd.it/y2r6
2024-03-02,Whisper of the Heart,1995,https://boxd.it/17uy
2024-03-02,Women on the Verge of a Nervous Breakdown,1988,https://boxd.it/24GI
2024-03-02,Volver,2006,https://boxd.it/2aQO
2024-03-02,Talk to Her,2002,https://boxd.it/2beG
2024-03-02,The Sea Inside,2004,https://boxd.it/27S8
2024-03-02,The Motorcycle Diaries,2004,https://boxd.it/28nU
2024-03-02,Bad Education,2004,https://boxd.it/2b2K
2024-03-02,Broken Embraces,2009,https://boxd.it/20yU
2024-03-02,Open Your Eyes,1997,https://boxd.it/27TU
2024-03-02,Thesis,1996,https://boxd.it/1Z1U
2024-03-02,Live Flesh,1997,https://boxd.it/2aJ4
2024-03-02,Biutiful,2010,https://boxd.it/OiI
2024-03-02,The Devil's Backbone,2001,https://boxd.it/28Li
2024-03-02,Even the Rain,2010,https://boxd.it/wbu
2024-03-02,24 Hour Party People,2002,https://boxd.it/26nI
2024-03-02,Grindhouse,2007,https://boxd.it/8RwY
2024-03-02,Awesometown,2006,https://boxd.it/6rhE
2024-03-03,Dead Man,1995,https://boxd.it/29h4
2024-03-03,Sanctuary,2022,https://boxd.it/wPKW
2024-03-03,I'm Thinking of Ending Things,2020,https://boxd.it/i4IQ
2024-03-04,My Favorite Shapes by Julio Torres,2019,https://boxd.it/mDMm
2024-03-04,"Don't Worry, He Won't Get Far on Foot",2018,https://boxd.it/fLeo
2024-03-04,The Humans,2021,https://boxd.it/lEQM
2024-03-04,Oliver Stone's Untold History of the United States,2012,https://boxd.it/wKMI
2024-03-04,Sorry We Missed You,2019,https://boxd.it/iXBg
2024-03-05,Toc Toc,2017,https://boxd.it/fwnq
2024-03-05,Sleepaway Camp,1983,https://boxd.it/1PSY
2024-03-05,The Lost Bus,2025,https://boxd.it/KYKE
2024-03-06,The Host,2006,https://boxd.it/28ZY
2024-03-06,Mother,2009,https://boxd.it/1m9g
2024-03-06,Lady Snowblood,1973,https://boxd.it/26Fi
2024-03-07,The Long Good Friday,1980,https://boxd.it/1NlS
2024-03-07,Everything or Nothing,2012,https://boxd.it/4nLQ
2024-03-08,Burden of Dreams,1982,https://boxd.it/XGk
2024-03-08,Song to Song,2017,https://boxd.it/aR5C
2024-03-09,Welcome Mr. Marshall!,1953,https://boxd.it/1i50
2024-03-09,The House of Sand,2005,https://boxd.it/1nSc
2024-03-10,O Auto da Compadecida,1999,https://boxd.it/pRBe
2024-03-10,"Rio, Northern Zone",1957,https://boxd.it/4F96
2024-03-10,Funny Games,2007,https://boxd.it/207a
2024-03-11,Merlusse,1935,https://boxd.it/2LRE
2024-03-12,Y2K,2024,https://boxd.it/FnHI
2024-03-12,The Greatest Hits,2024,https://boxd.it/CdIg
2024-03-12,Brigsby Bear,2017,https://boxd.it/ebkS
2024-03-13,42,2013,https://boxd.it/3GBo
2024-03-14,Safety Last!,1923,https://boxd.it/1AkW
2024-03-14,Boyfriends and Girlfriends,1987,https://boxd.it/14C
2024-03-14,War and Peace,1968,https://boxd.it/1nRy
2024-03-14,Shadows of Forgotten Ancestors,1965,https://boxd.it/1tbS
2024-03-15,The Day of the Locust,1975,https://boxd.it/23l0
2024-03-15,The Bad and the Beautiful,1952,https://boxd.it/1h3M
2024-03-15,Showgirls,1995,https://boxd.it/1Vmk
2024-03-15,Beyond the Valley of the Dolls,1970,https://boxd.it/22GQ
2024-03-15,World of Tomorrow,2015,https://boxd.it/9Gr6
2024-03-15,World of Tomorrow Episode Two: The Burden of Other People's Thoughts,2017,https://boxd.it/gU8m
2024-03-15,World of Tomorrow Episode Three: The Absent Destinations of David Prime,2020,https://boxd.it/rmsk
2024-03-16,"No Retreat, No Surrender",1986,https://boxd.it/1RkO
2024-03-16,Cocoon,1985,https://boxd.it/1Wx4
2024-03-16,Hard Boiled,1992,https://boxd.it/1T6a
2024-03-16,October (Ten Days that Shook the World),1928,https://boxd.it/29N0
2024-03-16,The Angel,2018,https://boxd.it/gMtc
2024-03-17,The Outlaw Josey Wales,1976,https://boxd.it/1VuS
2024-03-17,Escape from Alcatraz,1979,https://boxd.it/1Vwk
2024-03-17,High Plains Drifter,1973,https://boxd.it/1SOK
2024-03-17,Where Eagles Dare,1968,https://boxd.it/1UM2
2024-03-17,The Beguiled,1971,https://boxd.it/1i9m
2024-03-17,Kelly's Heroes,1970,https://boxd.it/1Tu2
2024-03-17,Thunderbolt and Lightfoot,1974,https://boxd.it/20jK
2024-03-17,"Hail, Caesar!",2016,https://boxd.it/881G
2024-03-18,Woodshock,1985,https://boxd.it/63gs
2024-03-18,It's Impossible to Learn to Plow by Reading Books,1988,https://boxd.it/2VA4
2024-03-18,Slacker,1990,https://boxd.it/1OUu
2024-03-18,SubUrbia,1996,https://boxd.it/1qlK
2024-03-18,The Newton Boys,1998,https://boxd.it/VYG
2024-03-18,Bad News Bears,2005,https://boxd.it/1QnW
2024-03-18,Fast Food Nation,2006,https://boxd.it/20mY
2024-03-18,Me and Orson Welles,2008,https://boxd.it/1S3O
2024-03-18,Last Flag Flying,2017,https://boxd.it/ePAG
2024-03-18,"Where'd You Go, Bernadette",2019,https://boxd.it/efuC
2024-03-18,Nouvelle Vague,2025,https://boxd.it/LLLQ
2024-03-18,Stolen Kisses,1968,https://boxd.it/2aL0
2024-03-19,Chaplin,1992,https://boxd.it/1WgW
2024-03-19,Super 8,2011,https://boxd.it/dVI
2024-03-19,The Prince of Egypt,1998,https://boxd.it/1XGQ
2024-03-19,Mr. Nobody,2009,https://boxd.it/1k44
2024-03-19,Streetwise,1984,https://boxd.it/XKw
2024-03-19,Hiroshima Mon Amour,1959,https://boxd.it/22WY
2024-03-19,Welcome to the Dollhouse,1995,https://boxd.it/1TPO
2024-03-19,The Man Who Wasn't There,2001,https://boxd.it/1Vqc
2024-03-20,In the Hand of Dante,2025,https://boxd.it/Czmc
2024-03-20,Honey Don't!,2025,https://boxd.it/Hurc
2024-03-20,The Offence,1973,https://boxd.it/1gPq
2024-03-20,Foreign Correspondent,1940,https://boxd.it/1vlA
2024-03-21,Escape to Victory,1981,https://boxd.it/1IMa
2024-03-21,Becket,1964,https://boxd.it/1MgW
2024-03-22,Antonio das Mortes,1969,https://boxd.it/2Bcm
2024-03-22,Entranced Earth,1967,https://boxd.it/qkU
2024-03-22,Digger,2026,https://boxd.it/LwDC
2024-03-22,Kiki's Delivery Service,1989,https://boxd.it/1JAY
2024-03-22,The Beatles Anthology,1995,https://boxd.it/5He
2024-03-22,The Civil War,1990,https://boxd.it/1tWO
2024-03-22,David Lynch Cooks Quinoa,2007,https://boxd.it/Ljok
2024-03-23,Breaking Away,1979,https://boxd.it/1DMO
2024-03-25,Oasis: Live at the Metro,1994,https://boxd.it/y0fs
2024-03-25,Oasis: Right Here Right Now,1997,https://boxd.it/ohdS
2024-03-25,Oasis: All Around the World Live,1997,https://boxd.it/32Kg
2024-03-25,Oasis: Live in Japan,1998,https://boxd.it/tMQc
2024-03-25,Oasis: Live at Luna Park,1998,https://boxd.it/y7xo
2024-03-25,Oasis Live at AB - Ancienne Belgique,2000,https://boxd.it/mW4e
2024-03-25,Later... Presents Oasis,2000,https://boxd.it/AnFC
2024-03-25,Oasis: 10 Years of Noise and Confusion,2001,https://boxd.it/eBKC
2024-03-25,"There We Were, Now Here We Are... The Making of Oasis",2004,https://boxd.it/9wYY
2024-03-25,Oasis: The Ear Has No Memory,2005,https://boxd.it/sVZU
2024-03-25,Lord Don't Slow Me Down,2006,https://boxd.it/2sQi
2024-03-25,Oasis: Lock The Box,2006,https://boxd.it/wc7G
2024-03-25,Oasis: In Their Own Words,2016,https://boxd.it/eThe
2024-03-25,Liam Gallagher: As It Was,2019,https://boxd.it/lKWG
2024-03-25,The Rainmaker,1997,https://boxd.it/1SD8
2024-03-25,Wicked Little Letters,2023,https://boxd.it/AQXU
2024-03-25,Rental Family,2025,https://boxd.it/JQOw
2024-03-25,"Yesterday, Today and Tomorrow",1963,https://boxd.it/VZE
2024-03-25,It Follows,2014,https://boxd.it/87wo
2024-03-25,It's Such a Beautiful Day,2011,https://boxd.it/34dy
2024-03-26,Two Rabbits,2012,https://boxd.it/3vdK
2024-03-26,Solace,2015,https://boxd.it/bhU2
2024-03-26,The Boondock Saints,1999,https://boxd.it/20gw
2024-03-26,Popeye,1980,https://boxd.it/1U6q
2024-03-26,Black Sunday,1977,https://boxd.it/DNU
2024-03-26,Cave of Forgotten Dreams,2010,https://boxd.it/hWK
2024-03-26,Scott Pilgrim Takes Off,2023,https://boxd.it/JLZk
2024-03-26,Before We Go,2014,https://boxd.it/8KRg
2024-03-26,The Joy Luck Club,1993,https://boxd.it/1ElY
2024-03-26,They Don't Wear Black Tie,1981,https://boxd.it/66nQ
2024-03-26,Invisible Life,2019,https://boxd.it/k1JU
2024-03-26,Buccaneer Soul,1993,https://boxd.it/5z5E
2024-03-26,To the Left of the Father,2001,https://boxd.it/gJU
2024-03-26,Movie Dementia,1986,https://boxd.it/5bH0
2024-03-27,Saturday Night,2024,https://boxd.it/Gpfo
2024-03-27,Barton Fink,1991,https://boxd.it/2aFQ
2024-03-27,Big Fish,2003,https://boxd.it/2a3M
2024-03-27,Living in Oblivion,1995,https://boxd.it/1ZeO
2024-03-27,Parting Glances,1986,https://boxd.it/1h9A
2024-03-27,Only Angels Have Wings,1939,https://boxd.it/Ttw
2024-03-27,Holiday,1938,https://boxd.it/1Ks2
2024-03-27,The Awful Truth,1937,https://boxd.it/1NBc
2024-03-27,Mr. Smith Goes to Washington,1939,https://boxd.it/25Ms
2024-03-27,Harvey,1950,https://boxd.it/1T5w
2024-03-27,The Mortal Storm,1940,https://boxd.it/298Q
2024-03-27,Winchester '73,1950,https://boxd.it/1NRO
2024-03-27,Destry Rides Again,1939,https://boxd.it/Tua
2024-03-27,The Flight of the Phoenix,1965,https://boxd.it/1WJu
2024-03-29,The Old Man & the Gun,2018,https://boxd.it/fd1q
2024-03-29,Straight Time,1978,https://boxd.it/1zgu
2024-03-29,Caché,2005,https://boxd.it/2amY
2024-03-30,When Evil Lurks,2023,https://boxd.it/rXBe
2024-03-30,A Hidden Life,2019,https://boxd.it/eb1Q
2024-03-30,The Devils,1971,https://boxd.it/1inI
2024-03-30,Breaking the Waves,1996,https://boxd.it/2b1W
2024-03-30,Midnight Mass,2021,https://boxd.it/wvVA
2024-03-30,The Gospel According to St. Matthew,1964,https://boxd.it/1y7c
2024-03-30,The Ten Commandments,1956,https://boxd.it/21mg
2024-03-30,Babette's Feast,1987,https://boxd.it/1SYU
2024-03-30,Bachelor Mother,1939,https://boxd.it/1auw
2024-03-30,The Champ,1931,https://boxd.it/VXe
2024-03-30,A Man for All Seasons,1966,https://boxd.it/29oE
2024-03-30,Diary of a Country Priest,1951,https://boxd.it/UDC
2024-03-30,Of Gods and Men,2010,https://boxd.it/Nq2
2024-03-30,The Lincoln Lawyer,2011,https://boxd.it/DRM
2024-03-30,Infernal Affairs II,2003,https://boxd.it/1Tla
2024-03-30,Infernal Affairs III,2003,https://boxd.it/1Okw
2024-03-31,Tow,2025,https://boxd.it/LjCc
2024-03-31,Elena,2012,https://boxd.it/51jC
2024-03-31,The Way He Looks,2014,https://boxd.it/70yA
2024-03-31,Brainstorm,2000,https://boxd.it/vlo
2024-03-31,Brazilian Holocaust,2016,https://boxd.it/eK8s
2024-03-31,Araby,2017,https://boxd.it/fpKs
2024-03-31,Madame Satã,2002,https://boxd.it/LO2
2024-03-31,The Cambridge Squatter,2016,https://boxd.it/eK7O
2024-04-01,Patriots Day,2016,https://boxd.it/dyo2
2024-04-01,J. Edgar,2011,https://boxd.it/38B0
2024-04-01,Monster's Ball,2001,https://boxd.it/28Uu
2024-04-01,Infinite Football,2018,https://boxd.it/i1ws
2024-04-01,Offside,2006,https://boxd.it/1QAm
2024-04-01,Looking for Eric,2009,https://boxd.it/1G6m
2024-04-01,Next Goal Wins,2014,https://boxd.it/7zTy
2024-04-01,Mario,2018,https://boxd.it/i3z4
2024-04-01,The Arsenal Stadium Mystery,1939,https://boxd.it/2dCK
2024-04-01,The Goalie's Anxiety at the Penalty Kick,1972,https://boxd.it/WNu
2024-04-01,Gregory's Girl,1980,https://boxd.it/1BpI
2024-04-01,The Firm,1989,https://boxd.it/1IRO
2024-04-01,Zidane: A 21st Century Portrait,2006,https://boxd.it/20bQ
2024-04-01,The Two Escobars,2010,https://boxd.it/x9k
2024-04-01,Fever Pitch,1997,https://boxd.it/28um
2024-04-01,Mean Machine,2001,https://boxd.it/1Xmc
2024-04-01,Mike Bassett: England Manager,2001,https://boxd.it/1EiA
2024-04-01,Rudo y Cursi,2008,https://boxd.it/23Q8
2024-04-02,Socrates,2018,https://boxd.it/jRw2
2024-04-02,Pusher,1996,https://boxd.it/27wG
2024-04-02,Pusher II,2004,https://boxd.it/1U7y
2024-04-02,Pusher III,2005,https://boxd.it/1U7e
2024-04-02,At Eternity's Gate,2018,https://boxd.it/hI40
2024-04-02,Being James Bond,2021,https://boxd.it/wMWA
2024-04-04,Triple Frontier,2019,https://boxd.it/dZUO
2024-04-04,The Night Manager,2016,https://boxd.it/dsfS
2024-04-04,Beverly Hills Cop,1984,https://boxd.it/2baE
2024-04-04,Coming to America,1988,https://boxd.it/1Ygu
2024-04-04,Trading Places,1983,https://boxd.it/28sK
2024-04-04,Six Degrees of Separation,1993,https://boxd.it/1zva
2024-04-04,The Life of Chuck,2024,https://boxd.it/vMTu
2024-04-04,Chronic,2015,https://boxd.it/baN4
2024-04-04,The Great Hack,2019,https://boxd.it/kL8g
2024-04-04,I Am Not Your Negro,2016,https://boxd.it/etXy
2024-04-04,Punishment Park,1971,https://boxd.it/1tJK
2024-04-04,The Wind Rises,2013,https://boxd.it/4JQS
2024-04-04,One-Eyed Jacks,1961,https://boxd.it/1Gyq
2024-04-04,Dekalog,1989,https://boxd.it/bv4u
2024-04-04,Dear Zachary: A Letter to a Son About His Father,2008,https://boxd.it/1LW8
2024-04-04,For Sama,2019,https://boxd.it/l9wQ
2024-04-04,The Legend of 1900,1998,https://boxd.it/1WpY
2024-04-05,The Double Life of Véronique,1991,https://boxd.it/28va
2024-04-05,Blind Chance,1987,https://boxd.it/2b4G
2024-04-05,The Miracle Worker,1962,https://boxd.it/292I
2024-04-05,Torch Song Trilogy,1988,https://boxd.it/206Q
2024-04-05,7 Women,1965,https://boxd.it/2cGc
2024-04-05,"'night, Mother",1986,https://boxd.it/1dk0
2024-04-05,84 Charing Cross Road,1987,https://boxd.it/1LL0
2024-04-05,Marighella,2019,https://boxd.it/i3RC
2024-04-05,Behind the Sun,2001,https://boxd.it/1blU
2024-04-05,O Tempo e o Vento,2014,https://boxd.it/HpFo
2024-04-08,21 Grams,2003,https://boxd.it/2ajK
2024-04-08,Too Old to Die Young,2019,https://boxd.it/mwtW
2024-04-08,Dragged Across Concrete,2018,https://boxd.it/fAly
2024-04-08,Bronson,2008,https://boxd.it/1GM8
2024-04-09,Il Posto,1961,https://boxd.it/1iqC
2024-04-09,Foreign Land,1995,https://boxd.it/lOg
2024-04-09,The Quartet,1995,https://boxd.it/2fma
2024-04-10,Séance,2000,https://boxd.it/1r4A
2024-04-10,Tokyo Sonata,2008,https://boxd.it/1ZxQ
2024-04-10,Stranger Than Fiction,2006,https://boxd.it/28Za
2024-04-10,Gimme Shelter,1970,https://boxd.it/2b42
2024-04-11,The Beasts,2022,https://boxd.it/w1L6
2024-04-11,Anyone But You,2023,https://boxd.it/EzA8
2024-04-11,The Gods Must Be Crazy,1980,https://boxd.it/20eq
2024-04-11,Small Engine Repair,2021,https://boxd.it/oMBQ
2024-04-11,Love Me Forever or Never,1986,https://boxd.it/2AvM
2024-04-12,The Apprentice,2024,https://boxd.it/IPqG
2024-04-12,Motel Destino,2024,https://boxd.it/HXMo
2024-04-13,Heart of the Beast,2026,https://boxd.it/M95u
2024-04-13,The Fountain,2006,https://boxd.it/28RU
2024-04-13,Jacob's Ladder,1990,https://boxd.it/270g
2024-04-13,Austin Powers: International Man of Mystery,1997,https://boxd.it/29y0
2024-04-13,Austin Powers: The Spy Who Shagged Me,1999,https://boxd.it/29xQ
2024-04-13,Austin Powers in Goldmember,2002,https://boxd.it/29xG
2024-04-13,The Hudsucker Proxy,1994,https://boxd.it/1SJA
2024-04-13,Bob Roberts,1992,https://boxd.it/1VQ0
2024-04-13,Bull Durham,1988,https://boxd.it/2wS8
2024-04-15,The Green Hornet,2011,https://boxd.it/10TQ
2024-04-15,Old Joy,2006,https://boxd.it/1tIW
2024-04-17,Hoosiers,1986,https://boxd.it/22Ke
2024-04-17,Blue Chips,1994,https://boxd.it/1Eu2
2024-04-17,Love & Basketball,2000,https://boxd.it/1Nu6
2024-04-17,Tomboy,2011,https://boxd.it/49U
2024-04-17,A Summer Dress,1996,https://boxd.it/HDO
2024-04-17,On Location Napoleon Dynamite,2006,https://boxd.it/F0ZY
2024-04-17,Peluca,2003,https://boxd.it/iOs
2024-04-17,Risky Business,1983,https://boxd.it/1YUE
2024-04-17,Orlando,1992,https://boxd.it/1Z1K
2024-04-18,Now You See Me: Now You Don't,2025,https://boxd.it/f3i2
2024-04-18,"Lust, Caution",2007,https://boxd.it/244k
2024-04-18,Hands Over the City,1963,https://boxd.it/kwK
2024-04-18,My Life as a Dog,1985,https://boxd.it/1ZOM
2024-04-18,Thunder Road,2018,https://boxd.it/i8Hs
2024-04-18,Shin Godzilla,2016,https://boxd.it/a9lm
2024-04-18,"Ó Paí, Ó: Look at This",2007,https://boxd.it/17ru
2024-04-20,Perfume: The Story of a Murderer,2006,https://boxd.it/28LW
2024-04-20,Red Carpet,2005,https://boxd.it/1xwq
2024-04-20,Seconds,1966,https://boxd.it/1Dbe
2024-04-20,Days of Heaven,1978,https://boxd.it/1JRg
2024-04-20,Trouble in Paradise,1932,https://boxd.it/2aU2
2024-04-20,Mikey and Nicky,1976,https://boxd.it/iL4
2024-04-20,Hud,1963,https://boxd.it/1x4Q
2024-04-20,Stalag 17,1953,https://boxd.it/29Xa
2024-04-20,The Lost Weekend,1945,https://boxd.it/1pgE
2024-04-20,The Lady Eve,1941,https://boxd.it/25LY
2024-04-20,Targets,1968,https://boxd.it/1Fbq
2024-04-20,Uptight,1968,https://boxd.it/41Ye
2024-04-20,A New Leaf,1971,https://boxd.it/19FS
2024-04-20,The Warriors,1979,https://boxd.it/1TLC
2024-04-20,Real Life,1979,https://boxd.it/1fR6
2024-04-20,Doctor Zhivago,1965,https://boxd.it/29jk
2024-04-20,A Patch of Blue,1965,https://boxd.it/1fEc
2024-04-21,In the Name of the Father,1993,https://boxd.it/20I6
2024-04-21,Letter from an Unknown Woman,1948,https://boxd.it/2wRO
2024-04-21,Shadow of a Doubt,1943,https://boxd.it/1BtA
2024-04-21,Scarlet Street,1945,https://boxd.it/1JgE
2024-04-21,The Last Temptation of Christ,1988,https://boxd.it/1ULe
2024-04-22,"Three Billboards Outside Ebbing, Missouri",2017,https://boxd.it/ceBS
2024-04-22,Six Shooter,2004,https://boxd.it/1wlG
2024-04-23,La Chimera,2023,https://boxd.it/vzVi
2024-04-23,The Roosevelts: An Intimate History,2014,https://boxd.it/9fDu
2024-04-23,Best of Enemies,2015,https://boxd.it/aktG
2024-04-23,Dreamgirls,2006,https://boxd.it/293m
2024-04-24,The Killing of a Chinese Bookie,1976,https://boxd.it/1hS6
2024-04-25,It’s the Law,2017,https://boxd.it/ftmE
2024-04-25,Ninotchka,1939,https://boxd.it/2802
2024-04-25,Belle de Jour,1967,https://boxd.it/29Uq
2024-04-25,Force Majeure,2014,https://boxd.it/7UcA
2024-04-25,Diabolique,1955,https://boxd.it/29we
2024-04-25,Down with Love,2003,https://boxd.it/1VyA
2024-04-25,Love in the Afternoon,1972,https://boxd.it/1Svo
2024-04-25,To Have and Have Not,1944,https://boxd.it/1Am4
2024-04-27,"Me, Myself & Irene",2000,https://boxd.it/27nY
2024-04-27,Straw Dogs,1971,https://boxd.it/2982
2024-04-27,Infinity Pool,2023,https://boxd.it/oPSK
2024-04-28,A Face in the Crowd,1957,https://boxd.it/2lyc
2024-04-28,Dreams,1990,https://boxd.it/1ROu
2024-04-28,White Heat,1949,https://boxd.it/1Lw0
2024-04-28,I Am a Fugitive from a Chain Gang,1932,https://boxd.it/1mNg
2024-04-28,The Roaring Twenties,1939,https://boxd.it/17J4
2024-04-28,Girlfriends,1978,https://boxd.it/3JYU
2024-04-28,The Breaking Point,1950,https://boxd.it/1770
2024-04-28,Until the End of the World,1991,https://boxd.it/1WuY
2024-04-28,Giant,1956,https://boxd.it/28fQ
2024-04-28,Splendor in the Grass,1961,https://boxd.it/1pig
2024-04-28,Blazing Saddles,1974,https://boxd.it/1UHQ
2024-04-28,Prince of the City,1981,https://boxd.it/1hQY
2024-04-28,Shoeshine,1946,https://boxd.it/UoM
2024-04-29,We All Loved Each Other So Much,1974,https://boxd.it/XjK
2024-04-29,Day for Night,1973,https://boxd.it/28kG
2024-04-30,As Good as It Gets,1997,https://boxd.it/268y
2024-05-02,Dead Man Walking,1995,https://boxd.it/29OC
2024-05-03,Selena,1997,https://boxd.it/1KVS
2024-05-03,Out of Sight,1998,https://boxd.it/28R6
2024-05-03,Logan Lucky,2017,https://boxd.it/dZrs
2024-05-04,Hotel Mumbai,2018,https://boxd.it/eGGg
2024-05-06,Stranger Than Paradise,1984,https://boxd.it/2ajU
2024-05-06,They Live,1988,https://boxd.it/20lm
2024-05-06,A Nightmare on Elm Street,1984,https://boxd.it/2aw0
2024-05-06,Army of Darkness,1992,https://boxd.it/29G4
2024-05-06,American Psycho II: All American Girl,2002,https://boxd.it/1VxC
2024-05-06,Wolfwalkers,2020,https://boxd.it/fGrC
2024-05-06,Black Bird,2022,https://boxd.it/BCSe
2024-05-06,Beastie Boys Story,2020,https://boxd.it/oIW6
2024-05-06,Defending Jacob,2020,https://boxd.it/q2VE
2024-05-07,Kagemusha,1980,https://boxd.it/1SGG
2024-05-07,Nine Queens,2000,https://boxd.it/1HBA
2024-05-07,How Green Was My Valley,1941,https://boxd.it/UV2
2024-05-07,The Fly,1986,https://boxd.it/1YIe
2024-05-07,Tombstone,1993,https://boxd.it/1SE6
2024-05-07,Predator,1987,https://boxd.it/2b84
2024-05-07,The Last Duel,2021,https://boxd.it/mQbe
2024-05-07,"Good Morning, Vietnam",1987,https://boxd.it/29Aq
2024-05-07,Heaven Knows What,2014,https://boxd.it/8P1a
2024-05-07,Daddy Longlegs,2009,https://boxd.it/kNQ
2024-05-07,The Black Balloon,2012,https://boxd.it/6cSq
2024-05-07,The Acquaintances of a Lonely John,2008,https://boxd.it/5yH8
2024-05-07,John's Gone,2010,https://boxd.it/4WBw
2024-05-07,Question & Answer,2020,https://boxd.it/w7cG
2024-05-07,Touch of Evil,1958,https://boxd.it/28II
2024-05-07,The Raid 2,2014,https://boxd.it/5uz0
2024-05-07,Real Women Have Curves,2002,https://boxd.it/1lBI
2024-05-07,Mad Max 2,1981,https://boxd.it/1ZPg
2024-05-07,The Tale,2018,https://boxd.it/cOkI
2024-05-07,Bound,1996,https://boxd.it/1Z1g
2024-05-07,The Lady from Shanghai,1947,https://boxd.it/251Q
2024-05-07,Pauline at the Beach,1983,https://boxd.it/1WC4
2024-05-07,Twin Peaks: The Missing Pieces,2014,https://boxd.it/8NH4
2024-05-07,The Hidden,1987,https://boxd.it/1RUW
2024-05-07,Charcoal,2022,https://boxd.it/wVge
2024-05-08,Design for Living,1933,https://boxd.it/2FJE
2024-05-08,The Scarlet Empress,1934,https://boxd.it/1iTO
2024-05-10,Sling Blade,1996,https://boxd.it/1RRo
2024-05-10,The Nightmare Before Christmas,1993,https://boxd.it/1YzQ
2024-05-10,A Man and a Woman,1966,https://boxd.it/Wb6
2024-05-10,A Taxi Driver,2017,https://boxd.it/fwac
2024-05-12,Ezra,2023,https://boxd.it/AUvA
2024-05-13,Secret Honor,1984,https://boxd.it/EAs
2024-05-15,John Q,2002,https://boxd.it/205S
2024-05-15,Gangster Squad,2013,https://boxd.it/2TVa
2024-05-15,Purple Noon,1960,https://boxd.it/1WrU
2024-05-15,After the Hunt,2025,https://boxd.it/Mdra
2024-05-16,Kobe Doin' Work,2009,https://boxd.it/1kZu
2024-05-16,"Oh, Canada",2024,https://boxd.it/G7TU
2024-05-16,The Entertainment System Is Down,,https://boxd.it/xSec
2024-05-16,Super,2010,https://boxd.it/QgO
2024-05-16,Iverson,2014,https://boxd.it/7Xv6
2024-05-16,Adventureland,2009,https://boxd.it/1JTQ
2024-05-19,Dressed to Kill,1980,https://boxd.it/1UO8
2024-05-19,Oh. What. Fun.,2025,https://boxd.it/M5u6
2024-05-19,T2 Trainspotting,2017,https://boxd.it/5vTA
2024-05-19,The Dirty Dozen,1967,https://boxd.it/28nK
2024-05-21,Room 666,1982,https://boxd.it/3VAK
2024-05-21,The Mule,2018,https://boxd.it/idcY
2024-05-22,The Card Counter,2021,https://boxd.it/nTH0
2024-05-23,The Band That Wouldn't Die,2009,https://boxd.it/txC
2024-05-23,Day Drinker,2027,https://boxd.it/Mhb6
2024-05-23,Echo Valley,2025,https://boxd.it/Fv9O
2024-05-23,Christy,2025,https://boxd.it/N6Ye
2024-05-23,"They Shoot Horses, Don't They?",1969,https://boxd.it/1q9u
2024-05-23,Nine to Five,1980,https://boxd.it/1F2S
2024-05-24,Three Thousand Years of Longing,2022,https://boxd.it/kmoy
2024-05-24,Emilia Pérez,2024,https://boxd.it/AP3G
2024-05-25,W.,2008,https://boxd.it/1W3o
2024-05-25,Shame,1968,https://boxd.it/1tZo
2024-05-25,A Page of Madness,1926,https://boxd.it/3i2u
2024-05-25,Threads,1984,https://boxd.it/1I0g
2024-05-25,The Big Heat,1953,https://boxd.it/1NNM
2024-05-25,Through a Glass Darkly,1961,https://boxd.it/1TrW
2024-05-25,Hour of the Wolf,1968,https://boxd.it/1H9G
2024-05-25,Five Easy Pieces,1970,https://boxd.it/1tww
2024-05-25,Home Alone 2: Lost in New York,1992,https://boxd.it/29F6
2024-05-25,In the Mouth of Madness,1994,https://boxd.it/26vi
2024-05-25,Hostiles,2017,https://boxd.it/dpiO
2024-05-25,Barney's Version,2010,https://boxd.it/MdG
2024-05-26,Million Dollar Arm,2014,https://boxd.it/5Y34
2024-05-26,Hunt for the Wilderpeople,2016,https://boxd.it/cTgG
2024-05-26,Jazz on a Summer's Day,1959,https://boxd.it/wzw
2024-05-26,Ponyo,2008,https://boxd.it/1S0A
2024-05-26,Blindspotting,2018,https://boxd.it/hDMw
2024-05-26,I Used to Be Funny,2023,https://boxd.it/yzvU
2024-05-26,Love Hurts,2025,https://boxd.it/KyBc
2024-05-27,Bombshell,2019,https://boxd.it/j5YC
2024-05-27,Ripley,2024,https://boxd.it/LT5S
2024-05-27,Margin Call,2011,https://boxd.it/CJ8
2024-05-27,Dune: Part Three,2026,https://boxd.it/ImWe
2024-05-28,Waltzing with Brando,2024,https://boxd.it/l5xU
2024-05-28,Fanboys,2009,https://boxd.it/1PXY
2024-05-30,Currais,2019,https://boxd.it/l98u
2024-05-30,Brothers,2024,https://boxd.it/mNdQ
2024-05-30,Brexit: The Uncivil War,2019,https://boxd.it/jwtm
2024-05-30,Bird,1988,https://boxd.it/1xcU
2024-05-31,Eleanor the Great,2025,https://boxd.it/JZLm
2024-05-31,Meek's Cutoff,2010,https://boxd.it/nsG
2024-06-01,Withnail & I,1987,https://boxd.it/1Qa4
2024-06-01,Holy Spider,2022,https://boxd.it/xBn2
2024-06-01,Out of the Furnace,2013,https://boxd.it/572i
2024-06-01,Solanin,2010,https://boxd.it/PbI
2024-06-01,A Lizard in a Woman's Skin,1971,https://boxd.it/9Sq
2024-06-02,The Seed of the Sacred Fig,2024,https://boxd.it/MKo4
2024-06-02,Late Fame,2025,https://boxd.it/N3Eg
2024-06-02,Deep End,1970,https://boxd.it/i8m
2024-06-03,Faces Places,2017,https://boxd.it/g7ck
2024-06-03,Holy Motors,2012,https://boxd.it/3wai
2024-06-03,Bad Lieutenant: Port of Call – New Orleans,2009,https://boxd.it/1TcW
2024-06-03,Bram Stoker's Dracula,1992,https://boxd.it/223a
2024-06-03,Licorice Pizza,2021,https://boxd.it/qTKY
2024-06-03,The Wild Robot,2024,https://boxd.it/IWFy
2024-06-05,The Swimmer,1968,https://boxd.it/1ffG
2024-06-05,Kung Fu Panda 2,2011,https://boxd.it/G36
2024-06-05,Over the Hedge,2006,https://boxd.it/20QY
2024-06-05,Okja,2017,https://boxd.it/dvXe
2024-06-05,Ready Player One,2018,https://boxd.it/aZes
2024-06-05,X-Men: First Class,2011,https://boxd.it/FOA
2024-06-06,Set It Up,2018,https://boxd.it/dpik
2024-06-06,Top Gun 3,,https://boxd.it/KHaO
2024-06-06,Great Expectations,1998,https://boxd.it/1YKE
2024-06-06,The Asphalt Kiss,2018,https://boxd.it/hkyg
2024-06-06,Rumble Fish,1983,https://boxd.it/2aOI
2024-06-06,Kung Fu Panda,2008,https://boxd.it/1Yws
2024-06-06,Kung Fu Panda 3,2016,https://boxd.it/4uRQ
2024-06-07,Emma.,2020,https://boxd.it/kmg0
2024-06-07,The Boat That Rocked,2009,https://boxd.it/1FZA
2024-06-08,Spider-Man 2,2004,https://boxd.it/2a88
2024-06-08,Top Gun: Maverick,2022,https://boxd.it/cjr4
2024-06-08,Carrie,1976,https://boxd.it/20ZQ
2024-06-08,Scream,1996,https://boxd.it/24EC
2024-06-08,Blade Runner,1982,https://boxd.it/2bcA
2024-06-08,Blade Runner 2049,2017,https://boxd.it/b8wK
2024-06-08,The Clown's Daughter,2022,https://boxd.it/CQFU
2024-06-09,Everybody Wants Some!!,2016,https://boxd.it/9mgM
2024-06-09,Free Solo,2018,https://boxd.it/iEEq
2024-06-09,Hachi: A Dog's Tale,2009,https://boxd.it/1q4a
2024-06-09,Fruitvale Station,2013,https://boxd.it/4VRy
2024-06-09,Only Yesterday,1991,https://boxd.it/1MR4
2024-06-09,Piece By Piece,2024,https://boxd.it/KYFO
2024-06-09,The Bride!,2026,https://boxd.it/HSw6
2024-06-10,Funny Pages,2022,https://boxd.it/lrlm
2024-06-10,Where the Wild Things Are,2009,https://boxd.it/1K0C
2024-06-11,Am I OK?,2022,https://boxd.it/nPqY
2024-06-11,Us and Them,2018,https://boxd.it/ip3a
2024-06-11,A Nos Amours,1983,https://boxd.it/271I
2024-06-12,Broken Flowers,2005,https://boxd.it/2aCW
2024-06-12,Total Recall,1990,https://boxd.it/29qK
2024-06-12,Crimson Ties,2022,https://boxd.it/AqDY
2024-06-13,Exhuma,2024,https://boxd.it/vCu0
2024-06-13,"OSS 117: Cairo, Nest of Spies",2006,https://boxd.it/1MIm
2024-06-13,Flesh of the Gods,,https://boxd.it/MYzU
2024-06-13,Rosebush Pruning,2026,https://boxd.it/GL2m
2024-06-14,Sense and Sensibility,1995,https://boxd.it/244E
2024-06-15,Bullets Over Broadway,1994,https://boxd.it/1TYQ
2024-06-16,The Brothers Bloom,2008,https://boxd.it/1Bqm
2024-06-16,The Amulet of Ogum,1974,https://boxd.it/33Ey
2024-06-16,Lady Vengeance,2005,https://boxd.it/248G
2024-06-17,Riff Raff,2024,https://boxd.it/GDAK
2024-06-19,Another Year,2010,https://boxd.it/T1C
2024-06-19,The Ballad of Buster Scruggs,2018,https://boxd.it/jB2q
2024-06-19,Longlegs,2024,https://boxd.it/KzLM
2024-06-19,Blue Moon,2025,https://boxd.it/Nzwy
2024-06-20,Jay Kelly,2025,https://boxd.it/EsWw
2024-06-20,28 Years Later,2025,https://boxd.it/FEGM
2024-06-20,The End of Oak Street,2026,https://boxd.it/FF9a
2024-06-20,The Newcomers,2000,https://boxd.it/4mbs
2024-06-20,Cowboys & Aliens,2011,https://boxd.it/F2G
2024-06-21,Heartless,2023,https://boxd.it/mgzk
2024-06-21,Pleasantville,1998,https://boxd.it/26uY
2024-06-21,Millennium Actress,2001,https://boxd.it/1fK0
2024-06-21,The Disappearance of Haruhi Suzumiya,2010,https://boxd.it/19Ds
2024-06-21,Snow White and the Seven Dwarfs,1937,https://boxd.it/2arO
2024-06-21,Shane,1953,https://boxd.it/25Ig
2024-06-21,West Side Story,1961,https://boxd.it/28dK
2024-06-21,M*A*S*H,1970,https://boxd.it/29U6
2024-06-21,Tootsie,1982,https://boxd.it/1YkG
2024-06-21,Easy Rider,1969,https://boxd.it/29Ys
2024-06-21,A Night at the Opera,1935,https://boxd.it/17G0
2024-06-21,Swing Time,1936,https://boxd.it/1DGw
2024-06-21,Yankee Doodle Dandy,1942,https://boxd.it/25LO
2024-06-21,Meshes of the Afternoon,1943,https://boxd.it/1sEE
2024-06-21,Killer of Sheep,1978,https://boxd.it/1rPc
2024-06-21,Contempt,1963,https://boxd.it/2aJe
2024-06-21,Daughters of the Dust,1991,https://boxd.it/2dkw
2024-06-21,Touki Bouki,1973,https://boxd.it/2H44
2024-06-21,Journey to Italy,1954,https://boxd.it/26o2
2024-06-21,Imitation of Life,1959,https://boxd.it/1efK
2024-06-22,Disclosure Day,2026,https://boxd.it/MDJY
2024-06-22,Untitled Daniels Event Film,2027,https://boxd.it/11zM0
2024-06-23,The Red Light Bandit,1968,https://boxd.it/5ESQ
2024-06-23,Kiss of the Spider Woman,1985,https://boxd.it/1Tci
2024-06-23,The Firm,1993,https://boxd.it/18JY
2024-06-24,All That Heaven Allows,1955,https://boxd.it/UNi
2024-06-25,Memoria,2021,https://boxd.it/iwtE
2024-06-26,Highest 2 Lowest,2025,https://boxd.it/LcIC
2024-06-26,The Hunger Games: Sunrise on the Reaping,2026,https://boxd.it/NCIM
2024-06-26,Thelma,2024,https://boxd.it/DOou
2024-06-27,The Stepford Wives,1975,https://boxd.it/1Sfq
2024-06-27,Rebecca,1940,https://boxd.it/2aQa
2024-06-28,Gerry,2002,https://boxd.it/27LG
2024-06-28,Power Ballad,2026,https://boxd.it/MZy4
2024-06-28,Klara and the Sun,2026,https://boxd.it/woXa
2024-06-29,Tale of Cinema,2005,https://boxd.it/31H6
2024-06-29,The Return,2024,https://boxd.it/AQbG
2024-06-29,Ella McCay,2025,https://boxd.it/JLtS
2024-06-29,Despicable Me 4,2024,https://boxd.it/iOLG
2024-06-29,Maurice,1987,https://boxd.it/1tZy
2024-06-29,Dogma,1999,https://boxd.it/284e
2024-06-30,The Beast,2023,https://boxd.it/yqmk
2024-07-01,The Official Story,1985,https://boxd.it/1nS2
2024-07-01,Sharknado,2013,https://boxd.it/69Qc
2024-07-01,Around the World in 80 Days,1956,https://boxd.it/268I
2024-07-01,Three Ages,1923,https://boxd.it/1gNk
2024-07-01,College,1927,https://boxd.it/1d9Q
2024-07-01,Battling Butler,1926,https://boxd.it/Bz2
2024-07-01,A Funny Thing Happened on the Way to the Forum,1966,https://boxd.it/1I7m
2024-07-01,Spite Marriage,1929,https://boxd.it/BHA
2024-07-01,The Railrodder,1965,https://boxd.it/1hgc
2024-07-01,The Rogue's Trial,2024,https://boxd.it/FB6Q
2024-07-02,True Lies,1994,https://boxd.it/19pq
2024-07-02,Kung Fury,2015,https://boxd.it/7mSM
2024-07-03,The Guernsey Literary & Potato Peel Pie Society,2018,https://boxd.it/g68w
2024-07-03,I Want You Back,2022,https://boxd.it/poyU
2024-07-05,Valerie and Her Week of Wonders,1970,https://boxd.it/NsC
2024-07-05,Night Moves,1975,https://boxd.it/1hRM
2024-07-05,Our Little Sister,2015,https://boxd.it/abBm
2024-07-05,Nickel Boys,2024,https://boxd.it/CStQ
2024-07-06,Crime 101,2026,https://boxd.it/IoGs
2024-07-06,What Do We See When We Look at the Sky?,2021,https://boxd.it/tWcQ
2024-07-07,Hot Shots!,1991,https://boxd.it/1YhC
2024-07-07,Hot Shots! Part Deux,1993,https://boxd.it/1Z90
2024-07-07,The Saphead,1920,https://boxd.it/BvO
2024-07-07,Free and Easy,1930,https://boxd.it/VY2
2024-07-08,Dolores Claiborne,1995,https://boxd.it/1SKo
2024-07-08,Be Kind Rewind,2008,https://boxd.it/23Au
2024-07-09,Point Blank,1967,https://boxd.it/1uAE
2024-07-10,Hero,2002,https://boxd.it/2bcq
2024-07-10,The Voices,2014,https://boxd.it/7b3S
2024-07-14,High Life,2018,https://boxd.it/d6bk
2024-07-14,Who Can Kill a Child?,1976,https://boxd.it/TGA
2024-07-14,Man on Fire,2004,https://boxd.it/1Yvk
2024-07-16,Blue Giant,2023,https://boxd.it/xwJW
2024-07-16,Righteous Kill,2008,https://boxd.it/1Qhk
2024-07-16,Dating Amber,2020,https://boxd.it/nApw
2024-07-18,Death at a Funeral,2010,https://boxd.it/1dem
2024-07-18,Death at a Funeral,2007,https://boxd.it/27dO
2024-07-18,Yearning,1964,https://boxd.it/3JYg
2024-07-18,The Lovers on the Bridge,1991,https://boxd.it/26li
2024-07-18,The Mother and the Whore,1973,https://boxd.it/HQe
2024-07-20,Bottle Rocket,1996,https://boxd.it/1PDa
2024-07-20,The Swan,2023,https://boxd.it/Is80
2024-07-20,The Rat Catcher,2023,https://boxd.it/Is8a
2024-07-20,Bottle Rocket,1993,https://boxd.it/pP8
2024-07-20,Cousin Ben Troop Screening,2012,https://boxd.it/49SS
2024-07-20,Southpaw,2015,https://boxd.it/9Phu
2024-07-20,The End of the Tour,2015,https://boxd.it/7jIE
2024-07-22,Daniel,2023,https://boxd.it/Kb7y
2024-07-24,Enough Said,2013,https://boxd.it/6fQC
2024-07-24,Swing Vote,2008,https://boxd.it/1WSc
2024-07-24,Branded to Kill,1967,https://boxd.it/1HSQ
2024-07-26,Alexander,2004,https://boxd.it/27K4
2024-07-28,Funny Girl,1968,https://boxd.it/1KR2
2024-07-30,Repulsion,1965,https://boxd.it/1TKu
2024-08-03,The Assistant,2019,https://boxd.it/neWo
2024-08-03,The Trial,1962,https://boxd.it/25Xg
2024-08-03,Tótem,2023,https://boxd.it/Aag0
2024-08-05,Le Cercle Rouge,1970,https://boxd.it/1Tjy
2024-08-05,Naked Lunch,1991,https://boxd.it/26ow
2024-08-05,Pickup on South Street,1953,https://boxd.it/1uLM
2024-08-05,Tunes of Glory,1960,https://boxd.it/Vqk
2024-08-05,Onibaba,1964,https://boxd.it/252a
2024-08-05,Le Corbeau,1943,https://boxd.it/1ofg
2024-08-05,The Tin Drum,1979,https://boxd.it/29SO
2024-08-06,Out of the Blue,1980,https://boxd.it/1456
2024-08-06,Speak,2004,https://boxd.it/1MTO
2024-08-07,"One Day, You Will Reach the Sea",2022,https://boxd.it/yNVi
2024-08-08,A Hard Day,2014,https://boxd.it/85lS
2024-08-09,Greedy People,2024,https://boxd.it/ANiu
2024-08-10,Killing Gawker,,https://boxd.it/OzdS
2024-08-10,Suburbicon,2017,https://boxd.it/dQ8Q
2024-08-13,A Most Wanted Man,2014,https://boxd.it/4WCE
2024-08-13,"Jeff, Who Lives at Home",2011,https://boxd.it/2TjU
2024-08-13,Bone Tomahawk,2015,https://boxd.it/9kiw
2024-08-13,Falling Down,1993,https://boxd.it/194M
2024-08-13,"sex, lies, and videotape",1989,https://boxd.it/28Oc
2024-08-13,Peeping Tom,1960,https://boxd.it/1Utk
2024-08-15,Crank,2006,https://boxd.it/27MY
2024-08-16,Another Earth,2011,https://boxd.it/rRA
2024-08-17,Antichrist,2009,https://boxd.it/1Inu
2024-08-17,Cool Runnings,1993,https://boxd.it/29qg
2024-08-20,AVP: Alien vs. Predator,2004,https://boxd.it/2atU
2024-08-20,Aliens vs Predator: Requiem,2007,https://boxd.it/2ans
2024-08-20,Alien: Covenant,2017,https://boxd.it/49UY
2024-08-20,Alien³,1992,https://boxd.it/20zS
2024-08-20,Alien Resurrection,1997,https://boxd.it/20zI
2024-08-20,Alien: Romulus,2024,https://boxd.it/zGqO
2024-08-22,The Machine,2005,https://boxd.it/sgA
2024-08-23,Indian Summer,1972,https://boxd.it/Lbk
2024-08-24,Beast Race,2026,https://boxd.it/M9yQ
2024-08-24,Lucky,2017,https://boxd.it/el3M
2024-08-24,Romeo and Juliet Get Married,2005,https://boxd.it/Fmm
2024-09-02,Oasis: First Night Live at Earls Court,1995,https://boxd.it/pLWA
2024-09-02,Oasis ...There And Then,1996,https://boxd.it/PMfu
2024-09-03,The Return of the Living Dead,1985,https://boxd.it/1V3W
2024-09-03,Night of the Living Dead,1990,https://boxd.it/1Fwe
2024-09-03,Land of the Dead,2005,https://boxd.it/1Tfm
2024-09-03,Diary of the Dead,2007,https://boxd.it/1QZw
2024-09-03,Survival of the Dead,2009,https://boxd.it/1nw6
2024-09-03,Bury Your Dead,2024,https://boxd.it/zU8Y
2024-09-03,The Given Word,1962,https://boxd.it/h6Y
2024-09-03,The Guns,1964,https://boxd.it/5S2a
2024-09-03,Compasso de Espera,1969,https://boxd.it/aFfU
2024-09-03,The Wrung-Out Man,1980,https://boxd.it/59GE
2024-09-04,Shot Caller,2017,https://boxd.it/bihA
2024-09-05,Amarela,2024,https://boxd.it/MLVS
2024-09-05,A Big Bold Beautiful Journey,2025,https://boxd.it/Lcle
2024-09-05,Ballad of a Small Player,2025,https://boxd.it/MuZ4
2024-09-06,Homework,1989,https://boxd.it/4Cnk
2024-09-06,La Cocina,2024,https://boxd.it/Aula
2024-09-06,America America,1963,https://boxd.it/LbE
2024-09-06,The Band Wagon,1953,https://boxd.it/1nCI
2024-09-06,Cape Fear,1962,https://boxd.it/1U4a
2024-09-06,Cat People,1942,https://boxd.it/1vG4
2024-09-06,Duel in the Sun,1946,https://boxd.it/1hns
2024-09-06,The Four Horsemen of the Apocalypse,1921,https://boxd.it/1j7w
2024-09-06,Europa '51,1952,https://boxd.it/Zji
2024-09-06,The Fall of the Roman Empire,1964,https://boxd.it/1ITq
2024-09-06,Force of Evil,1948,https://boxd.it/1tgI
2024-09-06,Forty Guns,1957,https://boxd.it/1NhG
2024-09-06,"Germany, Year Zero",1948,https://boxd.it/20FG
2024-09-06,Gilda,1946,https://boxd.it/251G
2024-09-06,Gun Crazy,1950,https://boxd.it/1Gw0
2024-09-06,HealtH,1980,https://boxd.it/3dIU
2024-09-06,Heaven's Gate,1980,https://boxd.it/1V2k
2024-09-06,House of Wax,1953,https://boxd.it/1GGE
2024-09-06,I Walk Alone,1947,https://boxd.it/1sFi
2024-09-06,Jason and the Argonauts,1963,https://boxd.it/1TCK
2024-09-06,Julius Caesar,1953,https://boxd.it/1HHy
2024-09-06,Kansas City,1996,https://boxd.it/1AvU
2024-09-06,Kiss Me Deadly,1955,https://boxd.it/1HHe
2024-09-06,Macbeth,1948,https://boxd.it/1qKA
2024-09-06,The Magic Box,1951,https://boxd.it/2Oog
2024-09-06,The Messiah,1975,https://boxd.it/20ao
2024-09-06,Mr. Deeds Goes to Town,1936,https://boxd.it/1wWM
2024-09-06,Night and the City,1950,https://boxd.it/1FFg
2024-09-06,"One, Two, Three",1961,https://boxd.it/2ap4
2024-09-06,Othello,1951,https://boxd.it/K5A
2024-09-06,The Power and the Glory,1933,https://boxd.it/3lB8
2024-09-06,Stagecoach,1939,https://boxd.it/297S
2024-09-06,Raw Deal,1948,https://boxd.it/1uqY
2024-09-06,The Taking of Power by Louis XIV,1966,https://boxd.it/2uMM
2024-09-06,Secrets of the Soul,1912,https://boxd.it/3lAY
2024-09-06,Senso,1954,https://boxd.it/V6k
2024-09-06,Shadows,1958,https://boxd.it/1M9c
2024-09-06,Stromboli,1950,https://boxd.it/24Js
2024-09-06,The Tales of Hoffmann,1951,https://boxd.it/Sds
2024-09-06,T-Men,1947,https://boxd.it/1upQ
2024-09-06,Two Weeks in Another Town,1962,https://boxd.it/aNm
2024-09-06,Dead Ringers,1988,https://boxd.it/1Yqk
2024-09-08,The Room Next Door,2024,https://boxd.it/Fb4k
2024-09-08,"To Wong Foo, Thanks for Everything! Julie Newmar",1995,https://boxd.it/1ZbK
2024-09-09,Standing on the Edge of the Noise,2008,https://boxd.it/3fXW
2024-09-10,Rumours,2024,https://boxd.it/J23A
2024-09-16,Infinitely Polar Bear,2014,https://boxd.it/7bne
2024-09-16,The Making of 'The Darjeeling Limited',2010,https://boxd.it/quZO
2024-09-16,K-Pops!,2024,https://boxd.it/AHAW
2024-09-17,Friendship,2024,https://boxd.it/L6Dc
2024-09-17,Power Alley,2023,https://boxd.it/C7B4
2024-09-17,Bittersweet Rain,2022,https://boxd.it/CqBs
2024-09-17,Cidade; Campo,2024,https://boxd.it/s6sK
2024-09-19,Hot Summer Nights,2017,https://boxd.it/bFIE
2024-09-20,Save the Green Planet!,2003,https://boxd.it/1Uco
2024-09-21,Godard Mon Amour,2017,https://boxd.it/eGLK
2024-09-21,Transformers One,2024,https://boxd.it/q7bc
2024-09-23,His Three Daughters,2023,https://boxd.it/HGx2
2024-09-24,Diamantino,2018,https://boxd.it/iNoQ
2024-09-24,The Wizard of the Kremlin,2025,https://boxd.it/NhhA
2024-09-24,The Taking of Pelham One Two Three,1974,https://boxd.it/20lG
2024-09-25,Running on Empty,1988,https://boxd.it/1How
2024-09-25,Ghostlight,2024,https://boxd.it/K5c8
2024-09-25,Between the Temples,2024,https://boxd.it/Gy1U
2024-09-27,Somewhere,2010,https://boxd.it/14du
2024-09-27,Muito Prazer,2026,https://boxd.it/LzDA
2024-09-28,Uptown Girls,2003,https://boxd.it/1N64
2024-09-29,Dinner in America,2020,https://boxd.it/oinu
2024-09-30,The VelociPastor,2017,https://boxd.it/glzW
2024-10-01,Mistress America,2015,https://boxd.it/9UfS
2024-10-03,The Blue Trail,2025,https://boxd.it/IrKi
2024-10-03,The Man from the Future,2011,https://boxd.it/2vkO
2024-10-03,Anemone,2025,https://boxd.it/QxVi
2024-10-03,"Turn It Up, It's Rock 'n' Roll",2024,https://boxd.it/CyXm
2024-10-04,Meantime,1983,https://boxd.it/loW
2024-10-04,State of Grace,1990,https://boxd.it/28ms
2024-10-05,Vanya on 42nd Street,1994,https://boxd.it/1gMc
2024-10-06,My Darling Clementine,1946,https://boxd.it/25LE
2024-10-06,Carnival Is Over,2024,https://boxd.it/GbAC
2024-10-06,The Year My Parents Went on Vacation,2006,https://boxd.it/1O8A
2024-10-08,Happening,2021,https://boxd.it/tRts
2024-10-09,At the Sea,2026,https://boxd.it/MOkq
2024-10-09,Falling in Love Like in Movies,2023,https://boxd.it/EDQY
2024-10-10,Shortcomings,2023,https://boxd.it/CvQC
2024-10-11,September 5,2024,https://boxd.it/JYsI
2024-10-12,Gandhi,1982,https://boxd.it/29Dk
2024-10-12,Romance,2008,https://boxd.it/MFU
2024-10-13,Drenched in Blood,2024,https://boxd.it/EN3M
2024-10-15,Untitled Alexander Payne Western,,https://boxd.it/LDYM
2024-10-15,Pasárgada,2024,https://boxd.it/LPwq
2024-10-16,Old Bandits,2026,https://boxd.it/Qv9G
2024-10-17,Happy Gilmore 2,2025,https://boxd.it/M8PQ
2024-10-17,The Poseidon Adventure,1972,https://boxd.it/2a9g
2024-10-18,The Son of a Thousand Men,2025,https://boxd.it/NzcI
2024-10-18,My Sweet Orange Tree,2012,https://boxd.it/5M5C
2024-10-19,True History of the Kelly Gang,2019,https://boxd.it/i6pm
2024-10-19,Train to Busan,2016,https://boxd.it/dSQU
2024-10-21,Windy City Heat,2003,https://boxd.it/Lty
2024-10-22,Springsteen: Deliver Me from Nowhere,2025,https://boxd.it/KJG8
2024-10-22,Tony,2026,https://boxd.it/OJaa
2024-10-22,A Personal Journey with Martin Scorsese Through American Movies,1995,https://boxd.it/RwhS
2024-10-22,Children of Heaven,1997,https://boxd.it/1C5k
2024-10-22,The Chorus,2004,https://boxd.it/22X8
2024-10-24,Life Is a Carnival: A Musical Celebration of Robbie Robertson,,https://boxd.it/QPBg
2024-10-25,Mainstream,2020,https://boxd.it/kpDc
2024-10-25,Bleed for This,2016,https://boxd.it/aYi4
2024-10-25,Carmen,2022,https://boxd.it/sG2o
2024-10-25,Woman of the Hour,2023,https://boxd.it/vuz2
2024-10-26,I Want Your Sex,2026,https://boxd.it/N8by
2024-10-26,Play Dirty,2025,https://boxd.it/zuuE
2024-10-26,Take This Waltz,2011,https://boxd.it/34vW
2024-10-27,Matthias & Maxime,2019,https://boxd.it/iOQ2
2024-11-05,Midas Man,2024,https://boxd.it/uRt0
2024-11-07,Better Days,2019,https://boxd.it/l9Ke
2024-11-07,Mallrats,1995,https://boxd.it/26ZW
2024-11-08,A Mão do Eurico,2023,https://boxd.it/JIog
2024-11-08,A Happy Family,2023,https://boxd.it/HoQ6
2024-11-08,Midnight,1998,https://boxd.it/Lsg
2024-11-08,Dark Water,2005,https://boxd.it/1Zou
2024-11-08,To Each His Own Cinema,2007,https://boxd.it/1bju
2024-11-08,Linha de Passe,2008,https://boxd.it/1ZD0
2024-11-08,On the Road,2012,https://boxd.it/2WCK
2024-11-09,My Old Ass,2024,https://boxd.it/zLP0
2024-11-16,Last Stop 174,2008,https://boxd.it/1DNM
2024-11-19,Look Back,2024,https://boxd.it/LjA6
2024-11-21,The Day I Met You,2023,https://boxd.it/IBKM
2024-11-21,Seaside Avenue,2024,https://boxd.it/LBuq
2024-11-22,The Boy and the Wind,1967,https://boxd.it/7D7S
2024-11-22,Saint Bernard,1972,https://boxd.it/7r2m
2024-11-27,The Count of Monte Cristo,2024,https://boxd.it/F1Nk
2024-11-28,Neon Bull,2015,https://boxd.it/a6Ke
2024-11-28,Malu,2024,https://boxd.it/K5d6
2024-11-29,Spy,2015,https://boxd.it/71Ks
2024-12-01,Kneecap,2024,https://boxd.it/ILxI
2024-12-01,Senna,2024,https://boxd.it/RFFa
2024-12-02,The Last Boy Scout,1991,https://boxd.it/1YYQ
2024-12-03,Project Power,2020,https://boxd.it/ml8S
2024-12-03,Funny People,2009,https://boxd.it/1CRy
2024-12-04,What Women Want,2000,https://boxd.it/24Sa
2024-12-04,The Killer,1989,https://boxd.it/1Vha
2024-12-04,Out of the Past,1947,https://boxd.it/29PK
2024-12-04,Batman: Mask of the Phantasm,1993,https://boxd.it/1N6S
2024-12-05,Geni and the Zeppelin,,https://boxd.it/LyO8
2024-12-08,The Broken Circle Breakdown,2012,https://boxd.it/4pHm
2024-12-09,My Sunshine,2024,https://boxd.it/Mjfa
2024-12-09,Memoir of a Snail,2024,https://boxd.it/EgX8
2024-12-10,Onslaught,2026,https://boxd.it/MYKI
2024-12-10,French Cancan,1955,https://boxd.it/Q4y
2024-12-10,The Bad Sleep Well,1960,https://boxd.it/1iLA
2024-12-10,Shanghai Express,1932,https://boxd.it/29ou
2024-12-10,The Ladies Man,1961,https://boxd.it/1pPE
2024-12-10,Hard Truths,2024,https://boxd.it/CiDq
2024-12-11,The Innocent,2022,https://boxd.it/yDo4
2024-12-12,Valkyrie,2008,https://boxd.it/275g
2024-12-13,Opus,2025,https://boxd.it/JBMA
2024-12-13,Checkmate,,https://boxd.it/MYEU
2024-12-13,The Death of Robin Hood,2026,https://boxd.it/N08c
2024-12-14,The Business Women’s Club,2024,https://boxd.it/CR0o
2024-12-14,The Man of the Year,2003,https://boxd.it/2096
2024-12-15,American Movie,1999,https://boxd.it/1Oty
2024-12-16,Never Rarely Sometimes Always,2020,https://boxd.it/lWJk
2024-12-16,Jules and Jim,1962,https://boxd.it/28rM
2024-12-16,Le Bonheur,1965,https://boxd.it/xyk
2024-12-16,Guess Who's Coming to Dinner,1967,https://boxd.it/27Xi
2024-12-18,Sympathy for Mr. Vengeance,2002,https://boxd.it/23WU
2024-12-18,Truth,2015,https://boxd.it/9yDe
2024-12-18,Slap Shot,1977,https://boxd.it/1TtS
2024-12-19,In Cold Blood,1967,https://boxd.it/1G62
2024-12-19,Days of Thunder,1990,https://boxd.it/27os
2024-12-19,The Other Guys,2010,https://boxd.it/1rtq
2024-12-19,Something Wild,1986,https://boxd.it/1UbU
2024-12-19,Natural Born Killers,1994,https://boxd.it/2aNg
2024-12-19,Affliction,1997,https://boxd.it/1iAM
2024-12-20,Chained for Life,2018,https://boxd.it/j6n8
2024-12-20,How to Make Millions Before Grandma Dies,2024,https://boxd.it/FLa4
2024-12-21,The Last Showgirl,2024,https://boxd.it/KWtm
2024-12-22,O Fabuloso Fittipaldi,1973,https://boxd.it/d7M2
2024-12-23,Disclaimer,2024,https://boxd.it/PDv4
2024-12-23,October Sky,1999,https://boxd.it/1Q7u
2024-12-24,C.R.A.Z.Y.,2005,https://boxd.it/1TSI
2024-12-24,Love Liza,2002,https://boxd.it/1Mjw
2024-12-24,The Kid Detective,2020,https://boxd.it/r0qm
2024-12-25,The Last Party,1993,https://boxd.it/8nUw
2024-12-25,Putney Swope,1969,https://boxd.it/1gV4
2024-12-26,Will & Harper,2024,https://boxd.it/K5eo
2024-12-26,Home Movie: The Princess Bride,2020,https://boxd.it/sAHU
2024-12-26,Baptism of Blood,2007,https://boxd.it/1bBo
2024-12-27,Swept Away,1974,https://boxd.it/17cY
2024-12-28,Dogtooth,2009,https://boxd.it/158K
2024-12-28,Across the Universe,2007,https://boxd.it/23X4
2024-12-28,Backbeat,1994,https://boxd.it/1Rwq
2024-12-28,From Here to Eternity,1953,https://boxd.it/1TRU
2024-12-28,What a Way to Go!,1964,https://boxd.it/1z3K
2024-12-28,Assault on the Pay Train,1962,https://boxd.it/33Qu
2024-12-28,Lucio Flavio,1977,https://boxd.it/5rZ0
2024-12-28,Meet John Doe,1941,https://boxd.it/1gVe
2024-12-29,The House That Jack Built,2018,https://boxd.it/dWO4
2024-12-30,Grimsby,2016,https://boxd.it/7ZkO
2024-12-31,Joy,2024,https://boxd.it/IUU2
2025-01-02,About Dry Grasses,2023,https://boxd.it/oNbO
2025-01-04,Freaky Tales,2024,https://boxd.it/B0MC
2025-01-06,Baby,2024,https://boxd.it/MABs
2025-01-06,Misericordia,2024,https://boxd.it/Efxy
2025-01-06,Matewan,1987,https://boxd.it/1xXQ
2025-01-06,Claudine,1974,https://boxd.it/qJg
2025-01-06,Love Me,2024,https://boxd.it/xgoe
2025-01-08,La Chinoise,1967,https://boxd.it/28rC
2025-01-08,To Sleep with Anger,1990,https://boxd.it/3iqG
2025-01-09,I Am Sam,2001,https://boxd.it/1V04
2025-01-10,Aunt Virginia,2023,https://boxd.it/z0yQ
2025-01-14,Chuck Billy and The Marvelous Guava Tree,2024,https://boxd.it/zhi6
2025-01-15,Oasis Monumental 2009,2009,https://boxd.it/3HmO
2025-01-16,The Fury,1978,https://boxd.it/1RA8
2025-01-17,Sometimes I Think About Dying,2023,https://boxd.it/xGlg
2025-01-18,Papillon,1973,https://boxd.it/22kK
2025-01-18,Ball of Fire,1941,https://boxd.it/1ms8
2025-01-18,The Killers,1946,https://boxd.it/1NGc
2025-01-18,The Naked Kiss,1964,https://boxd.it/1uBW
2025-01-18,Rabbits,2002,https://boxd.it/SaI
2025-01-18,Rio 2096: A Story of Love and Fury,2013,https://boxd.it/5kIG
2025-01-18,The End,2024,https://boxd.it/xfAe
2025-01-18,Assault on Precinct 13,1976,https://boxd.it/1I2c
2025-01-18,Christine,1983,https://boxd.it/1ZRQ
2025-01-19,The 36th Chamber of Shaolin,1978,https://boxd.it/1SXC
2025-01-21,Personal Shopper,2016,https://boxd.it/bkGM
2025-01-23,Bubble & Squeak,2025,https://boxd.it/PMQq
2025-01-23,Bunnylovr,2025,https://boxd.it/QxM6
2025-01-23,Don Jon,2013,https://boxd.it/4sdk
2025-01-24,The Girl with the Needle,2024,https://boxd.it/KQ3M
2025-01-24,The Six Triple Eight,2024,https://boxd.it/Ear6
2025-01-29,Paper Tiger,2026,https://boxd.it/RaaU
2025-01-29,Colossal,2016,https://boxd.it/biZi
2025-01-29,Rabbit Trap,2025,https://boxd.it/Ji66
2025-01-29,Together,2025,https://boxd.it/LdFE
2025-01-29,Omaha,2025,https://boxd.it/KSnY
2025-01-29,Rebuilding,2025,https://boxd.it/JYjm
2025-01-29,Wuthering Heights,2026,https://boxd.it/OdIa
2025-01-30,Traces of Love,2024,https://boxd.it/FWLK
2025-01-30,Control,2007,https://boxd.it/22IC
2025-01-30,The Debut,2026,https://boxd.it/Rw9k
2025-01-31,"Sorry, Baby",2025,https://boxd.it/JKNi
2025-01-31,My Dead Friend Zoe,2024,https://boxd.it/GFRo
2025-01-31,Gallipoli,1981,https://boxd.it/1Tlk
2025-01-31,Black Bag,2025,https://boxd.it/KRbM
2025-01-31,Hurry Up Tomorrow,2025,https://boxd.it/FlAU
2025-01-31,The Naked Gun,2025,https://boxd.it/Da9k
2025-01-31,Untitled Trey Parker / Matt Stone / Kendrick Lamar Comedy,,https://boxd.it/yUzS
2025-01-31,Roofman,2025,https://boxd.it/LcIW
2025-01-31,Fountain of Youth,2025,https://boxd.it/Fwx8
2025-01-31,The King of Kings,2025,https://boxd.it/INig
2025-01-31,The Diplomat,2025,https://boxd.it/Hs1m
2025-01-31,British Agent,1934,https://boxd.it/4lUm
2025-01-31,Diplomacy,2014,https://boxd.it/7qS2
2025-01-31,Escape from Mogadishu,2021,https://boxd.it/mrOq
2025-01-31,Hammarskjöld: Fight for Peace,2023,https://boxd.it/F0ty
2025-01-31,Munich – The Edge of War,2021,https://boxd.it/sy84
2025-01-31,The Brink of War,2026,https://boxd.it/5NAm
2025-01-31,Visas and Virtue,1997,https://boxd.it/7c4s
2025-02-01,In the Line of Fire,1993,https://boxd.it/1YOw
2025-02-01,Tokyo Twilight,1957,https://boxd.it/sq6
2025-02-01,"So Long, My Son",2019,https://boxd.it/hNzi
2025-02-01,L'Argent,1983,https://boxd.it/XIg
2025-02-03,Calls,2021,https://boxd.it/ve22
2025-02-03,Beginning,2020,https://boxd.it/qEyS
2025-02-03,A Woman Is a Woman,1961,https://boxd.it/1iUC
2025-02-04,If I Had Legs I'd Kick You,2025,https://boxd.it/HUtS
2025-02-04,Clayface,2026,https://boxd.it/RTVm
2025-02-05,Hans Zimmer & Friends: Diamond in the Desert,2025,https://boxd.it/SLqC
2025-02-06,Moonlighting,1982,https://boxd.it/XEI
2025-02-06,Black Hawk Down,2001,https://boxd.it/29rI
2025-02-06,Matchstick Men,2003,https://boxd.it/215a
2025-02-06,Law of Desire,1987,https://boxd.it/24Pg
2025-02-07,The Deceased,1965,https://boxd.it/7DUg
2025-02-10,Memories of Underdevelopment,1968,https://boxd.it/Kos
2025-02-13,The Order,2024,https://boxd.it/EVrs
2025-02-19,The Ballad of Wallis Island,2025,https://boxd.it/GqT0
2025-02-19,See You When I See You,2026,https://boxd.it/R7Ly
2025-02-19,An American Pickle,2020,https://boxd.it/niWi
2025-02-25,Red Dragon,2002,https://boxd.it/1Yrs
2025-02-26,You Were Never Really Here,2017,https://boxd.it/dWOS
2025-03-01,The Duellists,1977,https://boxd.it/1FLI
2025-03-01,Kingdom of Heaven,2005,https://boxd.it/28Gs
2025-03-01,The Dog Stars,2026,https://boxd.it/RfZI
2025-03-02,Good Fortune,2025,https://boxd.it/GavG
2025-03-03,The Rover,2014,https://boxd.it/4WCY
2025-03-04,Rhapsody in August,1991,https://boxd.it/1D8a
2025-03-04,Looking for Mr. Goodbar,1977,https://boxd.it/17BO
2025-03-04,Vox Lux,2018,https://boxd.it/fcFk
2025-03-06,"Modi, Three Days on the Wing of Madness",2024,https://boxd.it/CjhK
2025-03-08,Pickpocket,1959,https://boxd.it/29O8
2025-03-12,Palo Alto,2013,https://boxd.it/5Nzy
2025-03-12,The Rivals of Amziah King,2025,https://boxd.it/Gw3a
2025-03-12,The Adjustment Bureau,2011,https://boxd.it/16T8
2025-03-12,Summerland,2020,https://boxd.it/j1S6
2025-03-16,Mountainhead,2025,https://boxd.it/Sskq
2025-03-18,Limonov: The Ballad,2024,https://boxd.it/hQXC
2025-03-20,Benny's Video,1992,https://boxd.it/27Hk
2025-03-20,Lords of Dogtown,2005,https://boxd.it/1XOg
2025-03-25,The Nature of Invisible Things,2025,https://boxd.it/RZCK
2025-03-26,Pavements,2024,https://boxd.it/EekI
2025-03-27,Command Z,2023,https://boxd.it/HKFa
2025-03-27,The Mastermind,2025,https://boxd.it/Q7ge
2025-03-28,The History of Sound,2025,https://boxd.it/xFY2
2025-03-31,The Testament of Ann Lee,2025,https://boxd.it/RTTU
2025-04-02,Father Mother Sister Brother,2025,https://boxd.it/HRoU
2025-04-05,That's It,2008,https://boxd.it/1cao
2025-04-13,Warfare,2025,https://boxd.it/LbRo
2025-04-13,Black Mirror: Eulogy,2025,https://boxd.it/U1Ww
2025-04-14,War and Peace,2016,https://boxd.it/daU4
2025-04-14,Super/Man: The Christopher Reeve Story,2024,https://boxd.it/GFuE
2025-04-14,Atrabilious,2024,https://boxd.it/zZC0
2025-04-15,Swing Girls,2004,https://boxd.it/1ag0
2025-04-17,Match Point,2005,https://boxd.it/2b6s
2025-04-18,The Monkey,2025,https://boxd.it/Gwiu
2025-04-18,The Thing That Hurts,,https://boxd.it/M6Mg
2025-04-19,The Hand of God,2021,https://boxd.it/r5uI
2025-04-22,The World to Come,2020,https://boxd.it/iiuI
2025-04-23,Dr. Jekyll and Mr. Hyde,1931,https://boxd.it/25VO
2025-04-23,The Doors,1991,https://boxd.it/1W18
2025-04-23,"Hi, Mom!",1970,https://boxd.it/Wwy
2025-04-24,Latin Blood – The Ballad of Ney Matogrosso,2025,https://boxd.it/JZCY
2025-04-24,Life,2017,https://boxd.it/dRqG
2025-04-24,Dick Tracy,1990,https://boxd.it/201w
2025-04-24,Four Rooms,1995,https://boxd.it/73g
2025-04-28,Shallow Grave,1994,https://boxd.it/1XyW
2025-04-28,Christopher Robin,2018,https://boxd.it/eSj4
2025-04-29,Limitless,2011,https://boxd.it/Aly
2025-04-29,Mo' Better Blues,1990,https://boxd.it/Yrq
2025-04-29,The Banker,2020,https://boxd.it/nfyC
2025-04-29,Ghost Dog: The Way of the Samurai,1999,https://boxd.it/23Ne
2025-04-29,Blue Jay,2016,https://boxd.it/enEq
2025-04-30,The Butler,2013,https://boxd.it/4iti
2025-04-30,Rancho Mirage,,https://boxd.it/Tjx8
2025-05-01,Colour Me Kubrick,2005,https://boxd.it/1PnG
2025-05-02,Real: The Plan Behind History,2017,https://boxd.it/g3Re
2025-05-03,Tony Manero,2008,https://boxd.it/1eSs
2025-05-07,Starred Up,2013,https://boxd.it/6fRq
2025-05-09,You Hurt My Feelings,2023,https://boxd.it/xBXu
2025-05-10,It's What's Inside,2024,https://boxd.it/DOV4
2025-05-12,Sidewalls,2011,https://boxd.it/2EiM
2025-05-13,My Hindu Friend,2015,https://boxd.it/cpNK
2025-05-14,Invasion of the Body Snatchers,1978,https://boxd.it/1SWk
2025-05-14,Invasion of the Body Snatchers,1956,https://boxd.it/1TAa
2025-05-14,1900,1976,https://boxd.it/24Zg
2025-05-14,Don't Look Now,1973,https://boxd.it/29fC
2025-05-14,Sound of Falling,2025,https://boxd.it/Km9K
2025-05-16,Madden,2026,https://boxd.it/GO6G
2025-05-16,Here Comes the Flood,,https://boxd.it/qdjm
2025-05-17,Train Dreams,2025,https://boxd.it/LdDo
2025-05-17,The Plague,2025,https://boxd.it/QMbO
2025-05-17,Changeling,2008,https://boxd.it/25aS
2025-05-18,Between Two Ferns: The Movie,2019,https://boxd.it/lw9g
2025-05-19,Sweeney Todd: The Demon Barber of Fleet Street,2007,https://boxd.it/1PcS
2025-05-20,Two Prosecutors,2025,https://boxd.it/LTvG
2025-05-20,Paul,2011,https://boxd.it/13uE
2025-05-20,Later the War,,https://boxd.it/Tg3k
2025-05-20,Detroit,2017,https://boxd.it/el3C
2025-05-23,Escape at Dannemora,2018,https://boxd.it/l0jo
2025-05-23,My Blueberry Nights,2007,https://boxd.it/27H0
2025-05-23,Knowing,2009,https://boxd.it/1Pmy
2025-05-23,Sacrifice,,https://boxd.it/V6SQ
2025-05-24,A Life Less Ordinary,1997,https://boxd.it/20Bu
2025-05-24,In the Soup,1992,https://boxd.it/xM2
2025-05-25,Resurrection,2025,https://boxd.it/x9DG
2025-05-25,Sirāt,2025,https://boxd.it/HxJo
2025-05-25,Red Road,2006,https://boxd.it/1TbY
2025-05-25,3 Idiots,2009,https://boxd.it/1Dsa
2025-05-25,The Tenant,1976,https://boxd.it/1TKk
2025-05-26,3000 Miles to Graceland,2001,https://boxd.it/1Ss0
2025-05-26,The Way We Were,1973,https://boxd.it/1WKs
2025-05-27,The Gallerist,2026,https://boxd.it/R6Xe
2025-05-29,Self Reliance,2023,https://boxd.it/EzDG
2025-05-30,The Peasant,,https://boxd.it/UBnW
2025-06-01,Widows,2018,https://boxd.it/e6gc
2025-06-01,L.I.E.,2001,https://boxd.it/1GoU
2025-06-02,White House Plumbers,2023,https://boxd.it/Gnkw
2025-06-04,Joe Versus the Volcano,1990,https://boxd.it/26Ce
2025-06-05,My Favourite Cake,2024,https://boxd.it/KU6K
2025-06-06,Déjà Vu,2006,https://boxd.it/20PQ
2025-06-07,Anger Management,2003,https://boxd.it/1YvO
2025-06-09,On Probation,2005,https://boxd.it/2Ivq
2025-06-09,La Ciénaga,2001,https://boxd.it/kpk
2025-06-09,Son of the Bride,2001,https://boxd.it/1F58
2025-06-09,Cuddle,,https://boxd.it/V2mw
2025-06-10,Everybody Knows,2018,https://boxd.it/e6AG
2025-06-10,Manas,2024,https://boxd.it/LPz0
2025-06-10,The Flesh Itself,2025,https://boxd.it/Q9Rw
2025-06-11,Apollo 10½: A Space Age Childhood,2022,https://boxd.it/oKiM
2025-06-13,A Place in the Sun,1951,https://boxd.it/1vlg
2025-06-13,Days of Wine and Roses,1962,https://boxd.it/1h4A
2025-06-14,Alfie,2004,https://boxd.it/1ZKU
2025-06-14,That Thing You Do!,1996,https://boxd.it/1Yig
2025-06-14,City of Angels,1998,https://boxd.it/29Bo
2025-06-17,Speak No Evil,2022,https://boxd.it/vqlg
2025-06-17,Side by Side,2012,https://boxd.it/3Ijm
2025-06-17,Trafic,1971,https://boxd.it/1TZu
2025-06-17,Jimpa,2025,https://boxd.it/N566
2025-06-18,Silkwood,1983,https://boxd.it/1RQK
2025-06-18,Liam Gallagher: Knebworth 22,2022,https://boxd.it/D7Me
2025-06-19,The Holiday,2006,https://boxd.it/28ye
2025-06-19,River of Desire,2022,https://boxd.it/sIXm
2025-06-23,Quadrophenia,1979,https://boxd.it/1Wqs
2025-06-23,Oasis: Second Night Live at Knebworth Park,1996,https://boxd.it/pJuu
2025-06-28,Men,2022,https://boxd.it/tlc0
2025-06-29,Deep Cuts,,https://boxd.it/TiKA
2025-07-13,Floating Weeds,1959,https://boxd.it/LZu
2025-07-13,28 Up,1984,https://boxd.it/1Dhc
2025-07-25,Roommates,2026,https://boxd.it/WcPU
2025-08-05,The Skeleton Key,2005,https://boxd.it/1XxE
2025-08-08,Richard Jewell,2019,https://boxd.it/99Mg
2025-08-08,HIM,2025,https://boxd.it/BfYI
2025-08-10,Untitled Paul Dano Comedy Film,,https://boxd.it/VVUe
2025-08-14,"It's Never Over, Jeff Buckley",2025,https://boxd.it/RSnI
2025-08-14,"Rio, 100 Degrees F°",1955,https://boxd.it/4DUa
2025-08-14,Boy & the World,2013,https://boxd.it/6CM4
2025-08-16,A Tree Is Blue,,https://boxd.it/V5Ng
2025-08-18,Mamma Mia! 3,,https://boxd.it/OKkg
2025-08-20,Love for Sale,2006,https://boxd.it/3jjw
2025-08-20,Killed the Family and Went to the Movies,1969,https://boxd.it/5nxm
2025-08-20,That Man from Rio,1964,https://boxd.it/24Pq
2025-08-21,Deep Cover,1992,https://boxd.it/1D5g
2025-08-22,Splitsville,2025,https://boxd.it/PGtA
2025-08-22,Good Morning,1959,https://boxd.it/2lkk
2025-09-08,Twinless,2025,https://boxd.it/LkKc
2025-09-15,Hamnet,2025,https://boxd.it/woVy
2025-09-16,The Unbearable Lightness of Being,1988,https://boxd.it/1VKc
2025-09-21,What Happens at Night,,https://boxd.it/Ggua
2025-09-21,"Aldeas, the Final Dream of Pope Francis",2026,https://boxd.it/UFjE
2025-09-21,The Long Walk,2025,https://boxd.it/mic8
2025-10-02,Heaven Can't Wait,2023,https://boxd.it/Fe2m
2025-10-06,Great Freedom,2021,https://boxd.it/vwpe
2025-10-10,Chilly Scenes of Winter,1979,https://boxd.it/Xyq
2025-10-31,Two Sleepy People,2025,https://boxd.it/U1qq
2025-10-31,Ronin,1998,https://boxd.it/20wa
2025-11-13,S1m0ne,2002,https://boxd.it/1Z2o
2025-11-26,Grown Ups 3,,https://boxd.it/YpDG
2025-12-11,The Threesome,2025,https://boxd.it/BxO2
2025-12-17,The Weight,2026,https://boxd.it/T2Wq
2025-12-17,Josephine,2026,https://boxd.it/NzPA
2025-12-17,Zi,2026,https://boxd.it/Zscq
2025-12-17,Pillion,2025,https://boxd.it/N6Pw
2025-12-19,Lurker,2025,https://boxd.it/McHG
2025-12-27,Backrooms,2026,https://boxd.it/EY6W
2025-12-27,How to Make a Killing,2026,https://boxd.it/gLi8
2025-12-27,Verity,2026,https://boxd.it/MYia
2025-12-27,The Social Reckoning,2026,https://boxd.it/MRPQ
2025-12-27,Remain,2026,https://boxd.it/SKze
2025-12-27,The Rip,2026,https://boxd.it/NP5y
2025-12-27,How to Rob a Bank,2026,https://boxd.it/TbG2
2025-12-27,The Magic Faraway Tree,2026,https://boxd.it/H74O
2025-12-27,Sense and Sensibility,2026,https://boxd.it/VTKG
2025-12-27,Wicker,2026,https://boxd.it/JlTq
2025-12-27,The Housekeeper,,https://boxd.it/R3SK
2025-12-27,Over Your Dead Body,2026,https://boxd.it/RtwU
2025-12-27,Buddy,2026,https://boxd.it/Wjhq
2025-12-27,Bringing Out the Dead,1999,https://boxd.it/1ZZK
2026-01-06,The Voice of Hind Rajab,2025,https://boxd.it/UXdO
2026-01-06,The Bachelor,1999,https://boxd.it/27Ca
2026-01-06,Send Help,2026,https://boxd.it/JuhA
2026-01-06,Narnia: The Magician's Nephew,2027,https://boxd.it/HoaE
2026-01-06,The Further Mis-Adventures of Cliff Booth,2026,https://boxd.it/TZdY
2026-01-07,All That She Wants,2026,https://boxd.it/XznG
2026-01-13,Jimmy,2026,https://boxd.it/LbYY
2026-01-14,Arco,2025,https://boxd.it/uh7C
2026-01-21,Nirvanna the Band the Show the Movie,2025,https://boxd.it/HG9a
2026-01-21,Nirvana the Band the Show,2007,https://boxd.it/GITi
2026-01-21,The Riders,,https://boxd.it/H5TA
2026-01-21,I Love Boosters,2026,https://boxd.it/KBIU
2026-01-21,The Great Beyond,2027,https://boxd.it/N8ge
2026-01-21,Werwulf,2026,https://boxd.it/SC72
2026-01-21,Coyote vs. Acme,2026,https://boxd.it/JHdm
2026-01-21,Cut Off,,https://boxd.it/TK48
2026-01-21,The Only Living Pickpocket in New York,2026,https://boxd.it/U0pm
2026-01-25,Song Sung Blue,2025,https://boxd.it/QMqO
2026-01-25,Little Amélie or the Character of Rain,2025,https://boxd.it/prg0
2026-01-25,Butterfly,2024,https://boxd.it/KQGE
2026-01-25,Forevergreen,2025,https://boxd.it/UQs8
2026-01-25,The Girl Who Cried Pearls,2025,https://boxd.it/Hbo4
2026-01-25,Retirement Plan,2024,https://boxd.it/OeIK
2026-01-25,The Three Sisters,2024,https://boxd.it/NHEg
2026-01-25,The Alabama Solution,2025,https://boxd.it/Slqc
2026-01-25,Come See Me in the Good Light,2025,https://boxd.it/RSFC
2026-01-25,Mr. Nobody Against Putin,2025,https://boxd.it/RBtE
2026-01-25,The Perfect Neighbor,2025,https://boxd.it/RSG6
2026-01-25,Butcher's Stain,2025,https://boxd.it/Y8we
2026-01-25,A Friend of Dorothy,2025,https://boxd.it/Uxo2
2026-01-25,Jane Austen's Period Drama,2024,https://boxd.it/Mvcs
2026-01-25,The Singers,2025,https://boxd.it/TpoG
2026-01-25,Two People Exchanging Saliva,2024,https://boxd.it/PM3e
2026-01-25,Kokuho,2025,https://boxd.it/R6yo
2026-01-25,The Ugly Stepsister,2025,https://boxd.it/MZBM
2026-01-29,The Station Agent,2003,https://boxd.it/27xu
2026-02-14,Fjord,2026,https://boxd.it/RVja
2026-02-14,Parallel Tales,2026,https://boxd.it/HOdk
2026-02-14,Fatherland,2026,https://boxd.it/TbK4
2026-02-18,Somewhere Out There,,https://boxd.it/UZui
2026-02-18,Black Mirror: The National Anthem,2011,https://boxd.it/hQYK
2026-02-18,Cry to Heaven,,https://boxd.it/Sk0M
2026-02-18,A New Dawn,2026,https://boxd.it/MPiU
2026-02-18,Sunny Dancer,2026,https://boxd.it/MPBM
2026-02-18,Grand Slam Opera,1936,https://boxd.it/Bye
2026-02-18,Allez Oop,1934,https://boxd.it/Byy
2026-02-19,Buster Keaton Rides Again,1965,https://boxd.it/44i6
2026-02-19,Buster Keaton: A Hard Act to Follow,1987,https://boxd.it/hKE
2026-02-21,The Crying Game,1992,https://boxd.it/1TYc
2026-02-21,Illustrious Corpses,1976,https://boxd.it/asy
2026-02-21,Joint Security Area,2000,https://boxd.it/26Ja
2026-02-21,Carlos,2010,https://boxd.it/Uuq
2026-02-21,Azor,2021,https://boxd.it/oxPI
2026-02-21,The Day of the Jackal,1973,https://boxd.it/23GM
2026-02-21,Noises Off...,1992,https://boxd.it/1tpA
2026-02-24,The Second Act,2024,https://boxd.it/HW9q
2026-03-05,Weekend,2011,https://boxd.it/2Kzu
2026-03-11,Hold onto Me,2026,https://boxd.it/OkFC
2026-03-11,I Swear,2025,https://boxd.it/Og8k
2026-03-11,Three Incestuous Sisters,,https://boxd.it/11h7S
2026-03-12,Lacuna,2021,https://boxd.it/uzli
2026-03-14,The Baltimorons,2025,https://boxd.it/SBYa
2026-03-17,Queen at Sea,2026,https://boxd.it/CE9i
2026-03-17,The Last of the Tribe,,https://boxd.it/NfTi
2026-03-26,The Best Mother in the World,2025,https://boxd.it/JRJi
2026-03-27,The Chaperones,,https://boxd.it/WFR6
2026-04-01,Behemoth!,2026,https://boxd.it/TMIY
2026-04-01,Jack of Spades,,https://boxd.it/VblC
2026-04-05,System of Colors,,https://boxd.it/YO5E
2026-04-05,The Species,,https://boxd.it/YK3Y
2026-04-05,Brian,2026,https://boxd.it/V6oc
2026-04-05,Poetic License,2025,https://boxd.it/MulI
2026-04-05,Artificial,2026,https://boxd.it/Vqxy
2026-04-05,Elden Ring,2028,https://boxd.it/V9Le
2026-04-06,American Psycho,,https://boxd.it/Lzfy
2026-04-18,Punch-Drunk Love,2002,https://boxd.it/20E4
2026-04-30,The Song of Bernadette,1943,https://boxd.it/Uhm
2026-04-30,The Miracle of Marcelino,1955,https://boxd.it/bo8
2026-04-30,Karol: A Man Who Became Pope,2005,https://boxd.it/MFII
2026-04-30,"Paul, Apostle of Christ",2018,https://boxd.it/h7sa
2026-04-30,Two Crowns,2017,https://boxd.it/hnPY
2026-05-02,The Groove Under the Groove,2026,https://boxd.it/11tNG
2026-05-05,The Gambler,1974,https://boxd.it/R4a
2026-05-06,Six Months in a Pink and Blue Building,2026,https://boxd.it/CMxi
2026-05-06,Gabin,2026,https://boxd.it/O500
2026-05-14,Videoheaven,2025,https://boxd.it/RnG0
2026-05-17,Club Kid,2026,https://boxd.it/Z6lK
2026-05-17,Her Private Hell,2026,https://boxd.it/UtHY
2026-05-24,Minotaur,2026,https://boxd.it/w1Nc
2026-05-24,La Bola Negra,2026,https://boxd.it/SDaQ
2026-05-25,Nazarín,1959,https://boxd.it/1cLk
2026-05-25,Thérèse,1986,https://boxd.it/XVa
2026-05-25,Household Saints,1993,https://boxd.it/3YrQ
2026-05-25,The Long Day Closes,1992,https://boxd.it/EMy
2026-06-06,Primetime,2026,https://boxd.it/QX5s
2026-06-08,Untitled James Bond Film,,https://boxd.it/IWkK
2026-06-13,Lourdes,2009,https://boxd.it/108q
2026-07-15,Black Mirror: Nosedive,2016,https://boxd.it/hK9G
2026-07-25,Mile End Kicks,2025,https://boxd.it/IFxC
2026-07-31,Rose of Nevada,2025,https://boxd.it/RQAq
2026-08-03,Tuner,2025,https://boxd.it/POtS
2026-08-07,Wiener-Dog,2016,https://boxd.it/aD3M
2026-08-07,Life During Wartime,2009,https://boxd.it/13cq
2026-08-09,The Last House,2026,https://boxd.it/MZEw
2026-08-13,The Rider,2017,https://boxd.it/gazw
2026-08-16,Bucking Fastard,2026,https://boxd.it/ST8Q
2026-08-16,Death Stranding,,https://boxd.it/Ebcw
2026-08-16,The Exorcist: Martyrs,2027,https://boxd.it/Nv0S
2026-08-23,Being Heumann,2026,https://boxd.it/DLGU
2026-08-23,Justino - Behind the Kingdom,2026,https://boxd.it/WOIM
2026-08-29,Gail Daughtry and the Celebrity Sex Pass,2026,https://boxd.it/UMPC
2026-09-05,My King,2015,https://boxd.it/aNq2
2026-09-07,The Burmese Harp,1956,https://boxd.it/1fKa
2026-09-07,Chariots of Fire,1981,https://boxd.it/1YFu
2026-09-07,Fantasia,1940,https://boxd.it/29HG
2026-09-07,Francesco,1989,https://boxd.it/2ZSc
2026-09-07,Intolerance: Love's Struggle Throughout the Ages,1916,https://boxd.it/25Qk
2026-09-07,The Lavender Hill Mob,1951,https://boxd.it/1gkM
2026-09-07,Little Women,1933,https://boxd.it/12RC
2026-09-07,The Tree of Wooden Clogs,1978,https://boxd.it/1iRI
2026-09-07,The Life and Passion of Jesus Christ,1903,https://boxd.it/3Ya6
2026-09-09,You Can See Everything,2026,https://boxd.it/16mVo
2026-09-11,Forgotten Island,2026,https://boxd.it/Uitc
2026-09-11,Musk,2026,https://boxd.it/Fta6
2026-09-11,Elsinore,2026,https://boxd.it/ZzT2
2026-09-14,The Wrong Man,1956,https://boxd.it/1AqK
2026-09-14,Kung-Fu Master!,1988,https://boxd.it/KKI
2026-09-15,I Play Rocky,2026,https://boxd.it/N6is
2026-09-17,Gugu's World,2026,https://boxd.it/RCDA
2026-09-21,Carnal Knowledge,1971,https://boxd.it/1au2
2026-09-21,Alfie,1966,https://boxd.it/1LU2
2026-09-23,All of a Sudden,2026,https://boxd.it/UMOO
2026-09-27,Padre Pio: Miracle Man,2000,https://boxd.it/45lU
